,Compound,Date,Negative,Neutral,Positive,Source,Text
0,-0.6908,03/28/2018,0.63,0.37,0.0,@BBCworld,How a child rape became a religious flashpoint for India https://t.co/g4tnJ0dPBY
1,-0.3818,03/28/2018,0.809,0.191,0.0,@BBCworld,The battle of the gas-sucking mega giants is set to begin https://t.co/NVSw6XcaSK
2,0.0,03/28/2018,1.0,0.0,0.0,@BBCworld,Russia to showcase robot tank in WW2 victory parade https://t.co/Y1e4i2Ym5P
3,0.4939,03/28/2018,0.714,0.0,0.286,@BBCworld,Cannes Film Festival 2018: 10 films to watch https://t.co/DcXJLKJQRB
4,0.0,03/28/2018,1.0,0.0,0.0,@BBCworld,Oliver North: NRA elects Reagan-era figure as president https://t.co/OOAlrwYQ7Q
5,-0.296,03/28/2018,0.547,0.273,0.18,@BBCworld,Italy faces fresh elections as coalition talks fail https://t.co/4ovcJuXahJ
6,0.0,03/28/2018,1.0,0.0,0.0,@BBCworld,Alabama 'miracle' boy awakes before doctors pull plug https://t.co/ncBjHQODVa
7,-0.7096,03/28/2018,0.465,0.535,0.0,@BBCworld,Syria war: Rebels leave last major besieged enclave https://t.co/AsVeSrEISW
8,0.6369,03/28/2018,0.588,0.0,0.412,@BBCworld,Melania Trump unveils 'Be Best' campaign https://t.co/Wytb5Ryq5n
9,0.4215,03/28/2018,0.763,0.0,0.237,@BBCworld,Brazil First Lady Marcela Temer rescued dog from lake https://t.co/mp9mmbEJWh
10,-0.5994,03/28/2018,0.738,0.262,0.0,@BBCworld,Rwanda landslides after heavy rain bring 2018 death toll to 200 https://t.co/fEW8S1Nk1q
11,-0.5574,03/28/2018,0.685,0.315,0.0,@BBCworld,Afghanistan air strike: UN confirms 30 child deaths in April attack https://t.co/yZu2jyRssp
12,-0.6908,03/28/2018,0.657,0.343,0.0,@BBCworld,Kim Wall murder: Peter Madsen appeals against life term https://t.co/6KblADZdqd
13,-0.1027,03/28/2018,0.811,0.189,0.0,@BBCworld,Zambia library warns 'half-naked' female students https://t.co/blmDigVWyq
14,0.1027,03/28/2018,0.643,0.164,0.193,@BBCworld,Lebanon election: PM Hariri says party lost third of seats https://t.co/Vrov1oSONf
15,0.0,03/28/2018,1.0,0.0,0.0,@BBCworld,Jay-Z's mum: ｀I was not free¨ until I told son I was gay https://t.co/RfPwBWLeFF
16,0.0,03/28/2018,1.0,0.0,0.0,@BBCworld,"Putin inaugurated for fourth term

https://t.co/LfAXytac5X https://t.co/nc958MP5um"
17,0.4939,03/28/2018,0.714,0.0,0.286,@BBCworld,Australia pledges cash to save declining koala population https://t.co/ay9oLEtxrC
18,0.0,03/28/2018,1.0,0.0,0.0,@BBCworld,Is Australia running out of fuel? PM orders supply review https://t.co/AXfWb7Ydje
19,0.0,03/28/2018,1.0,0.0,0.0,@BBCworld,"Gina Haspel, CIA nominee, 'sought to pull out' https://t.co/OdU4LSrQ5L"
20,0.5719,03/28/2018,0.654,0.0,0.346,@BBCworld,Paedophile-hunting policeman wins payout 46 years on https://t.co/NXfZu0gISn
21,-0.6956,03/28/2018,0.458,0.407,0.135,@BBCworld,German mayor wins Freiburg vote but loses tooth in attack https://t.co/lDIYiyyOU7
22,-0.6908,03/28/2018,0.657,0.343,0.0,@BBCworld,"India rape: Second Jharkhand teenager set alight, police say https://t.co/aZ3bpcbq9q"
23,0.0,03/28/2018,1.0,0.0,0.0,@BBCworld,Kilauea volcano burns through Hawaii homes https://t.co/bhknGW3rMN
24,-0.34,03/28/2018,0.469,0.359,0.172,@BBCworld,Air France shares drop sharply as strikes continue https://t.co/8XiHJXZks5
25,0.0,03/28/2018,1.0,0.0,0.0,@BBCworld,Nestle pays Starbucks $7.1bn to sell its coffee https://t.co/lqpXbsIhkl
26,-0.5574,03/28/2018,0.66,0.34,0.0,@BBCworld,Kilauea: Hawaii volcano destroys dozens of homes https://t.co/hRZXyOHFiP
27,0.0,03/28/2018,1.0,0.0,0.0,@BBCworld,Could Trump's 'Space Force' become a reality? https://t.co/pz9hthUSHM
28,0.34,03/28/2018,0.588,0.165,0.247,@BBCworld,Phnom Penh Post's sale to PR director increases media freedom fears https://t.co/Ih4G6Dky9s
29,0.0,03/28/2018,1.0,0.0,0.0,@BBCworld,Iran nuclear deal: Johnson tells Trump 'don't walk away' https://t.co/eoBD40zkvO
30,0.0,03/28/2018,1.0,0.0,0.0,@BBCworld,Putin set to be inaugurated for fourth term as president of Russia https://t.co/qSAaI8u19T
31,-0.4215,03/28/2018,0.811,0.189,0.0,@BBCworld,"I sold all I had to go to Europe - now I'm home, and broke https://t.co/sAZFxsxHiN"
32,0.0,03/28/2018,1.0,0.0,0.0,@BBCworld,Marylove Edwards: The 13-year-old 'Nigerian Serena' https://t.co/jYKquBoD0Z
33,0.0,03/28/2018,1.0,0.0,0.0,@BBCworld,Why Costa Ricans are being paid to marry Chinese migrants https://t.co/qOMX5N84RN
34,0.5719,03/28/2018,0.778,0.0,0.222,@BBCworld,Lebanon elections: The disabled protester who won the 'same rights' as other voters https://t.co/4IpANRzdH4
35,0.0,03/28/2018,1.0,0.0,0.0,@BBCworld,"Tutankhamun 'secret chamber' does not exist, researchers find https://t.co/86rRA3JKQn"
36,-0.4201,03/28/2018,0.741,0.259,0.0,@BBCworld,Air France could 'disappear' as more strikes begin https://t.co/eQ9eLZbgm8
37,-0.3612,03/28/2018,0.706,0.294,0.0,@BBCworld,Japan bus drivers: Strikes with a difference https://t.co/w24TAM0h4B
38,0.0,03/28/2018,1.0,0.0,0.0,@BBCworld,Indian engineers kidnapped in Afghanistan's Baghlan province https://t.co/ePF0Y5QKoE
39,0.0,03/28/2018,1.0,0.0,0.0,@BBCworld,Gunman injures Pakistan interior minister Ahsan Iqbal in Punjab https://t.co/9dwEHfx8pk
40,0.0,03/28/2018,1.0,0.0,0.0,@BBCworld,"RT @BBCJamesCook: BREAKING Lava fountains 230ft (70m) high burst from a new fissure of Hawaii¨s Kilauea Volcano overnight, with further eru・"
41,0.5423,03/28/2018,0.667,0.0,0.333,@BBCworld,Facebook privacy: Survey suggests continuing US loyalty https://t.co/yv2U8YtAxd
42,-0.8225,03/28/2018,0.479,0.521,0.0,@BBCworld,Nigeria village attack: Scores killed in Kaduna state https://t.co/FHlkP7WnZE
43,0.34,03/28/2018,0.902,0.0,0.098,@BBCworld,RT @BBCSteveR: On Tuesday ? live ? I¨ll play your #Eurovision favourites on the piano. Send your requests to the BBC News Facebook page on・
44,-0.4404,03/28/2018,0.828,0.172,0.0,@BBCworld,RT @BBCMonitoring: Full report: Sharp rise in #IslamicState attacks in #Iraq in recent months. https://t.co/5AFdHkjt8f
45,-0.6705,03/28/2018,0.667,0.333,0.0,@BBCworld,Afghanistan: At least 12 killed in Khost mosque blast https://t.co/b8ihJc8NEL
46,0.4404,03/28/2018,0.458,0.176,0.366,@BBCworld,VAR: Technical problem helps decide Australian A-League grand final https://t.co/8TAhj3Gyvm
47,-0.0258,03/28/2018,0.619,0.195,0.186,@BBCworld,Childish Gambino releases surprise song This is America https://t.co/E0Hfazjiuh
48,-0.5719,03/28/2018,0.764,0.236,0.0,@BBCworld,Tony Bellew beats David Haye: Bellew eyes Tyson Fury and Andre Ward https://t.co/EYq5Ol3wEz
49,0.0,03/28/2018,1.0,0.0,0.0,@BBCworld,Turkey floods: Cars swept away in Ankara streets https://t.co/jEOx5Yo4Jq
50,-0.4019,03/28/2018,0.847,0.153,0.0,@BBCworld,"Cars swept away in Turkish capital Ankara after flash floods. Six people reported injured 
https://t.co/4yR7nAcsBJ https://t.co/NLvV4U0XDf"
51,-0.765,03/28/2018,0.404,0.465,0.131,@BBCworld,India police arrest main suspect after teen raped and burned alive https://t.co/rmn9RgmpXe
52,0.0,03/28/2018,1.0,0.0,0.0,@BBCworld,This chain of coffee shops in Paris is almost entirely run by people with learning disabilities ?・ https://t.co/b9aaeDsGDe
53,-0.5574,03/28/2018,0.796,0.204,0.0,@BBCworld,RT @BBCSteveR: Russian police reportedly detained 1600 anti-Putin protesters across Russia on Saturday. This is what we witnessed in Moscow・
54,-0.7184,03/28/2018,0.739,0.261,0.0,@BBCworld,RT @BBCMonitoring: Infographic: #IslamicState group attacks in #Iraq from Jan-Apr 2018 broken down by key provinces. #Kirkuk #Diyala #Salah・
55,-0.4939,03/28/2018,0.682,0.318,0.0,@BBCworld,Iran's Rouhani warns Trump of 'historic regret' over nuclear deal https://t.co/XnJpB2vspE
56,0.2263,03/28/2018,0.496,0.215,0.289,@BBCworld,"US 'provocation' threatens peace, says North Korea https://t.co/sTNCLvOEuu"
57,-0.1027,03/28/2018,0.865,0.135,0.0,@BBCworld,Stormy Daniels warns Trump on SNL 'storm's a coming baby' https://t.co/HgQTMJCQjK
58,-0.6705,03/28/2018,0.69,0.31,0.0,@BBCworld,Is the Iran nuclear deal about to be killed off? https://t.co/e7iiPIJdom
59,0.0,03/28/2018,1.0,0.0,0.0,@BBCworld,Why a US church held a 'Beyonc? Mass' https://t.co/nRFIBGJSOu
60,0.0,03/28/2018,1.0,0.0,0.0,@BBCworld,Lebanon to elect its first new parliament since 2009 https://t.co/VGX5ujzivX
61,0.0,03/28/2018,1.0,0.0,0.0,@BBCworld,The 'Belsen boys' who moved to a British manor house https://t.co/l5mxG1HjrI
62,0.4939,03/28/2018,0.738,0.0,0.262,@BBCworld,UK's Johnson in bid to save Iran nuclear deal https://t.co/4jBJShVZhn
63,0.2023,03/28/2018,0.602,0.175,0.223,@BBCworld,Kentucky Derby: Aidan O'Brien denied as Justify wins at Churchill Downs https://t.co/bWKH15yJHC
64,0.0,03/28/2018,1.0,0.0,0.0,@BBCworld,Why Utah now has first 'free-range' parenting law https://t.co/4FCKzhSeyx
65,0.0,03/28/2018,1.0,0.0,0.0,@BBCworld,Survival and division in Iraq after IS https://t.co/mxL86tuaXm
66,-0.3089,03/28/2018,0.756,0.244,0.0,@BBCworld,"｀Jobs, not charity¨ at special needs cafe https://t.co/URwDdl3Cuh"
67,-0.7351,03/28/2018,0.492,0.508,0.0,@BBCworld,Remembering Eritrea-Ethiopia border war: Africa's unfinished conflict https://t.co/6Mh02PfCvB
68,0.0,03/28/2018,1.0,0.0,0.0,@BBCworld,Myanmar Rohingya refugees brace for monsoon deluge in Bangladesh camps https://t.co/PTGMTKULS6
69,0.0,03/28/2018,1.0,0.0,0.0,@BBCworld,The rise and fall of Brazilian art patron Bernardo Paz https://t.co/qU7LE47BRN
70,-0.6486,03/28/2018,0.583,0.417,0.0,@BBCworld,Gaza explosion leaves six Palestinians dead https://t.co/qXg0LOXeKv
71,-0.7906,03/28/2018,0.533,0.467,0.0,@BBCworld,Trump France: Outrage after US leader mimics Paris attackers https://t.co/yVUxSpdlCX
72,0.0,03/28/2018,1.0,0.0,0.0,@BBCworld,Palais de Tokyo: Paris gallery opens its doors to nudists https://t.co/ubMmUWtwSE
73,-0.0772,03/28/2018,0.573,0.223,0.204,@BBCworld,Junot Diaz: US author quits festival after sex harassment claim https://t.co/7ZubEXCoKt
74,0.128,03/28/2018,0.671,0.148,0.181,@BBCworld,Dubai missing princess: Call for clarity on status of Sheikha Latifa https://t.co/lAiMQlCl2P
75,-0.6908,03/28/2018,0.63,0.37,0.0,@BBCworld,Kennedy relative Michael Skakel has murder conviction overturned https://t.co/rzgjBPNVve
76,0.0,03/28/2018,1.0,0.0,0.0,@BBCworld,George H W Bush discharged from hospital https://t.co/A8W6MIBHwr
77,0.5574,03/28/2018,0.787,0.0,0.213,@BBCworld,"A number of strong earthquakes have hit Hawaii's Big Island, a day after the eruption of the Kilauea volcano. ?・ https://t.co/fruKIyBOQm"
78,-0.4926,03/28/2018,0.704,0.204,0.092,@BBCworld,"RT @BBCSteveR: Anti-Putin protesters chant ""He's not our Tsar!"" on Pushkin Square, Moscow. Then riot police move in to clear the square. ht・"
79,-0.8885,03/28/2018,0.4,0.6,0.0,@BBCworld,Greece arrests doctors and nurses over stolen cancer drugs https://t.co/hEo8PAGJaT
80,0.0,03/28/2018,1.0,0.0,0.0,@BBCworld,"Mission to Mars ? 
A @Nasa rocket has blasted off from California on a six-month journey to investigate the interio・ https://t.co/PwgoYg1Zj8"
81,0.4215,03/28/2018,0.741,0.0,0.259,@BBCworld,Why Kenya hopes blockchain can end land grabbing https://t.co/PgGtfbqkjM
82,0.6369,03/28/2018,0.634,0.0,0.366,@BBCworld,David Astori: Former Fiorentina captain's family thank fans for support https://t.co/ieEdrkpf4e
83,0.0,03/28/2018,1.0,0.0,0.0,@BBCworld,Nasa's InSight rocket takes off for Mars https://t.co/Bzkuf7wDlM
84,-0.4767,03/28/2018,0.49,0.329,0.182,@BBCworld,"India girl, 16, burnt alive after Jharkhand rape https://t.co/kJbaBpTJas"
85,-0.25,03/28/2018,0.818,0.182,0.0,@BBCworld,Russia opposition's Navalny to protest against new Putin term https://t.co/KWTM4GNrZx
86,0.0,03/28/2018,1.0,0.0,0.0,@BBCworld,Mount Kilauea: Earthquakes follow Hawaii eruptions https://t.co/Oq1jmDYUJ8
87,-0.6486,03/28/2018,0.601,0.292,0.107,@BBCworld,President Trump told @NRA members that London knife attacks have left one hospital 'like a war zone'・ https://t.co/pN0jIQGRQ7
88,-0.5574,03/28/2018,0.735,0.265,0.0,@BBCworld,Japan bullfighting: Women allowed into 'pure' ring after ban lifted https://t.co/Ys6crtTY1k
89,0.0,03/28/2018,1.0,0.0,0.0,@BBCworld,US Navy resurrects Second Fleet in Atlantic https://t.co/ZJJubuND64
90,-0.4404,03/28/2018,0.756,0.244,0.0,@BBCworld,How VW tried to cover up the emissions scandal https://t.co/4e5aMCntHo
91,-0.6597,03/28/2018,0.526,0.474,0.0,@BBCworld,"A wedding bomb, a letter and an unlikely suspect https://t.co/1vHeA94zoT"
92,0.0,03/28/2018,1.0,0.0,0.0,@BBCworld,Week in pictures: 28 April - 4 May 2018 https://t.co/EOtxf4lgBY
93,0.0,03/28/2018,1.0,0.0,0.0,@BBCworld,Malaysia's youth have power they won't use https://t.co/FL99fAOT6b
94,0.5106,03/28/2018,0.708,0.0,0.292,@BBCworld,The winged woman breaking free from African stereotypes https://t.co/toNPL4bFmo
95,-0.8271,03/28/2018,0.51,0.49,0.0,@BBCworld,Domestic violence: 'My dog defends me from my abuser' https://t.co/uQjNW62xK0
96,0.0516,03/28/2018,0.556,0.214,0.23,@BBCworld,Honduras migrants: Thousands to lose US protected status https://t.co/62varCkuLy
97,0.0,03/28/2018,1.0,0.0,0.0,@BBCworld,Hamoudi: the man who stood up to Islamic State group in Raqqa https://t.co/ZIYrAvKDmI
98,0.0,03/28/2018,1.0,0.0,0.0,@BBCworld,Trump: Knife blood on UK hospital floors https://t.co/dY1niwvkqr
99,-0.2023,03/28/2018,0.614,0.228,0.158,@BBCworld,Idaho State University faces fine for losing plutonium https://t.co/utJdXoL7hd
0,0.3182,03/28/2018,0.867,0.0,0.133,@CNN,Pop star Katy Perry is wearing huge Angel wings to the Met Gala tonight https://t.co/f3labZinQK https://t.co/oiKkoph0Ug
1,0.0,03/28/2018,1.0,0.0,0.0,@CNN,Many celebrities and the who's who of the fashion world are wearing hair accessories at the Met Gala. Here are some・ https://t.co/OWMPr7zgbk
2,0.0,03/28/2018,1.0,0.0,0.0,@CNN,"Anna Wintour, Vogue's current editor, and her daughter, Bee Shaffer, walked the carpet at tonight's Met Gala・ https://t.co/e0ZpR89M0J"
3,0.0,03/28/2018,1.0,0.0,0.0,@CNN,Amal and George Clooney have arrived at the Met Gala https://t.co/GJuGWu4N5I https://t.co/T00Ugwp6Jq
4,0.8481,03/28/2018,0.603,0.0,0.397,@CNN,"Fashion icon Donatella Versace, prominent human rights lawyer Amal Clooney and Grammy award winning artist Rihanna・ https://t.co/ZnHI2Qz5Ob"
5,0.0,03/28/2018,1.0,0.0,0.0,@CNN,"Crowns, flowers and veils appear on the red carpet as stars arrive for the Met Gala. The annual event is the invita・ https://t.co/kbfEcbLujO"
6,0.0,03/28/2018,1.0,0.0,0.0,@CNN,Some inside White House balk at Rudy Giuliani's role https://t.co/ESDFWhGFQO https://t.co/oOVfetfPA2
7,0.34,03/28/2018,0.897,0.0,0.103,@CNN,"RT @OutFrontCNN: ""Disgraceful. The mob does it. If you're innocent, why take the Fifth?"" - Erin Burnett reviews some of Trump's past Fifth・"
8,-0.4351,03/28/2018,0.679,0.226,0.095,@CNN,"RT @OutFrontCNN: ""If the President makes the mistake - and I say it is a very, very serious mistake - to pull the United States out of this・"
9,-0.5859,03/28/2018,0.696,0.304,0.0,@CNN,President Trump hinting at release of detained Americans alarms former diplomats https://t.co/GZwG8Wwb8z https://t.co/WNxTT1LCAm
10,0.0,03/28/2018,1.0,0.0,0.0,@CNN,A surge in political activism by America's veterans https://t.co/lGS6JMMUXy (via @CNNOpinion) https://t.co/EFqeYYSV7k
11,0.0,03/28/2018,1.0,0.0,0.0,@CNN,"Having calorie counts on menus will make us healthier, writes Mary T. Bassett for @CNNOpinion・ https://t.co/zcOeiYpFBE"
12,0.5267,03/28/2018,0.825,0.0,0.175,@CNN,Why first lady Melania Trump is winning in the court of public opinion https://t.co/T4mKgb08yz (via @CNNOpinion) https://t.co/5dDrf5XRFp
13,0.0,03/28/2018,1.0,0.0,0.0,@CNN,"The Donald Trump book club is exactly what you think it would be, writes Chris Cillizza https://t.co/DaMVNIf3HO https://t.co/cwpvvbjgxN"
14,-0.296,03/28/2018,0.885,0.115,0.0,@CNN,"Memo says Environmental Protection Agency Administrator Scott Pruitt flew first class to avoid ""lashing out from pa・ https://t.co/mctE5Su1Ox"
15,0.4902,03/28/2018,0.879,0.0,0.121,@CNN,"Do you ever walk around an art gallery and think, ""this would be so much better if I was nude?"" If the answer's yes・ https://t.co/80hYkgsmfx"
16,0.4767,03/28/2018,0.853,0.0,0.147,@CNN,"New CNN poll finds President Trump's approval holding steady amid rising outlook for the country. Overall, 41% appr・ https://t.co/lb3g0SR0GG"
17,-0.7906,03/28/2018,0.708,0.292,0.0,@CNN,A second teen girl is reported to have been raped and set on fire within days in India https://t.co/kZVkEkIjgN https://t.co/IttcIrErMl
18,-0.5423,03/28/2018,0.72,0.28,0.0,@CNN,"Warren Buffett says bitcoin is ""probably rat poison"" https://t.co/HFVmrDRPOG https://t.co/pnoMTnYa4i"
19,-0.296,03/28/2018,0.672,0.189,0.139,@CNN,"He survived tours in Iraq and Qatar, only to be killed in a road-rage stabbing in Missouri https://t.co/lZBAVDD19j https://t.co/h1CAWX6zV4"
20,-0.34,03/28/2018,0.844,0.156,0.0,@CNN,"Hawaii authorities are warning that ""this is not the time for sightseeing"" https://t.co/M7hNf3Z5vI https://t.co/40nYQpjfpH"
21,0.0,03/28/2018,1.0,0.0,0.0,@CNN,How @Nasdaq President and CEO @adenatfriedman defied the odds and became the first woman to lead a major US stock e・ https://t.co/I8Fe9qOOq5
22,0.6908,03/28/2018,0.678,0.0,0.322,@CNN,Connecticut is joining a national drive to effectively elect the president by popular vote https://t.co/iYfNnwhApX
23,-0.1027,03/28/2018,0.887,0.113,0.0,@CNN,"Cousin of HIV is 'off the charts' in Australia, doctor warns https://t.co/3wVd6Vnc2w"
24,-0.4939,03/28/2018,0.814,0.186,0.0,@CNN,"＝ 2,140 degrees Fahrenheit

＝ 26 homes destroyed

＝ 1,700+ residents evacuated

＝ 10 fissures

＝ 1 earthquake per h・ https://t.co/PqLzKc9Nc8"
25,0.0,03/28/2018,1.0,0.0,0.0,@CNN,"The $20 billion ""umbilical cord"": China unveils the world's longest sea-crossing bridge https://t.co/H1gkjGO437 https://t.co/uZmgsXB4ed"
26,-0.25,03/28/2018,0.699,0.177,0.124,@CNN,The ugly truth behind Donald Trump's tweet about Don Blankenship | Analysis by Chris Cillizza https://t.co/AkpXgoa4ZQ
27,0.6369,03/28/2018,0.724,0.0,0.276,@CNN,"Melania Trump unveils her platform, tells kids to 'Be Best' https://t.co/BD7ZVSG157 https://t.co/pzSIdTnSvN"
28,0.0,03/28/2018,1.0,0.0,0.0,@CNN,New DHS policy could separate families caught crossing the border illegally https://t.co/fTJfnNmNfb https://t.co/5iDgFOqiZ9
29,-0.5994,03/28/2018,0.782,0.218,0.0,@CNN,11 fraternity members will go to trial in connection to Piazza hazing death https://t.co/6O5qELjzqn https://t.co/Wnm7vEpRjw
30,-0.3182,03/28/2018,0.897,0.103,0.0,@CNN,"Idaho State University has been fined after it lost track of a small amount of plutonium 239, a substance used to m・ https://t.co/2Pvbh4ayj8"
31,0.802,03/28/2018,0.714,0.0,0.286,@CNN,"RT @CNNnewsroom: With First Lady Melania Trump looking on, President Donald Trump signs the ""Be Best"" proclamation, a platform dedicated to・"
32,0.0,03/28/2018,1.0,0.0,0.0,@CNN,Walmart tightens its opioid prescription policies https://t.co/pNFAmMjdnj https://t.co/24y0Kdx2I4
33,0.0,03/28/2018,1.0,0.0,0.0,@CNN,Melania Trump speaks from the White House Rose Garden to discuss her formal platform. Live updates:・ https://t.co/HR65qLRF47
34,-0.296,03/28/2018,0.784,0.216,0.0,@CNN,President Trump teases Iran nuclear deal announcement https://t.co/XaZqwNJIyM https://t.co/P42VdiM5Zf
35,-0.4939,03/28/2018,0.814,0.186,0.0,@CNN,"＝ 2,140 degrees Fahrenheit

＝ 26 homes destroyed

＝ 1,700+ residents evacuated

＝ 10 fissures

＝ 1 earthquake per h・ https://t.co/22tgTZHOYw"
36,0.3182,03/28/2018,0.909,0.0,0.091,@CNN,RT @CNNPolitics: White House press secretary Sarah Sanders on Gina Haspel: ＾She wants to do everything she can to make sure that the integr・
37,0.0,03/28/2018,1.0,0.0,0.0,@CNN,"Melania Trump¨s favorability rating has climbed 10 points since January, according to a new CNN poll. 57% say they・ https://t.co/HSJ62BdUDY"
38,0.0,03/28/2018,1.0,0.0,0.0,@CNN,Sarah Sanders holds White House press briefing. Live updates: https://t.co/TbvN9fOUoS https://t.co/UqL1Aws3KW
39,-0.4404,03/28/2018,0.861,0.139,0.0,@CNN,"For the third time in three weeks, a major commercial airline flight was diverted mid-air because of a damaged wind・ https://t.co/bieVJdUDL3"
40,0.2732,03/28/2018,0.811,0.0,0.189,@CNN,$70 oil will create headaches for these companies https://t.co/nDWUDtte3J https://t.co/lls9UeYnH5
41,0.1027,03/28/2018,0.755,0.113,0.132,@CNN,This college student saw a house on fire so he sprang into action and rescued an 80-year-old woman https://t.co/7ZWM2MsQVJ
42,0.34,03/28/2018,0.862,0.0,0.138,@CNN,The children of Windsor are *very* excited for Prince Harry and Meghan Markle's wedding https://t.co/H4Phw8wtkx https://t.co/y540sXOjnE
43,0.0,03/28/2018,1.0,0.0,0.0,@CNN,"Mondelez, the owner of Oreo, Chips Ahoy and Ritz Crackers, plans to buy Tate's Bake Shop?for $500 million・ https://t.co/rHWhNhGhQm"
44,-0.4404,03/28/2018,0.868,0.132,0.0,@CNN,"Oliver North, the Fox News contributor and central figure in the Iran-Contra scandal, will be the National Rifle As・ https://t.co/5eMf5OhlbI"
45,-0.34,03/28/2018,0.882,0.118,0.0,@CNN,"Former first lady Michelle Obama criticizes the role of women in electing President Donald Trump, suggesting that h・ https://t.co/rCVu1Q1VKo"
46,0.0,03/28/2018,1.0,0.0,0.0,@CNN,"The $20 billion ""umbilical cord"": China unveils the world's longest sea-crossing bridge https://t.co/G5wRbFRhqq https://t.co/SXzYc68nzd"
47,0.8885,03/28/2018,0.596,0.0,0.404,@CNN,"RT @CNNnewsroom: Former Defense Secretary William Cohen suggests Senator John McCain be awarded the Medal of Freedom: ""He's a man who belie・"
48,0.0,03/28/2018,1.0,0.0,0.0,@CNN,This is why oil prices are rising https://t.co/rOTGh5wttG https://t.co/RhAoTF65q5
49,0.0,03/28/2018,1.0,0.0,0.0,@CNN,The Trump administration has decided to refer every person caught crossing the border illegally for federal prosecu・ https://t.co/mjyJZE9hOk
50,0.3182,03/28/2018,0.892,0.0,0.108,@CNN,The president of the University of Florida has apologized on behalf of his administration after an usher rushed stu・ https://t.co/skzEFx4HiH
51,-0.5423,03/28/2018,0.72,0.28,0.0,@CNN,"Warren Buffett says bitcoin is ""probably rat poison"" https://t.co/oiw9uo8aij https://t.co/L8YZYGIWqm"
52,0.4767,03/28/2018,0.838,0.0,0.162,@CNN,"""Black-ish"" star @TraceeEllisRoss tells @VanJones68 that her mother, Diana Ross is proud of her activism, ""because・ https://t.co/kyvevMZIrj"
53,-0.34,03/28/2018,0.876,0.124,0.0,@CNN,"Israeli intel firm dug up dirt on Obama officials to discredit Iran nuclear deal, according to reports・ https://t.co/YGtXcexsZC"
54,-0.4588,03/28/2018,0.833,0.167,0.0,@CNN,A Republican congressional candidate in Pennsylvania did fundraisers and hosted a radio show with disgraced Trump o・ https://t.co/xfNvo4EqwH
55,0.0516,03/28/2018,0.784,0.103,0.113,@CNN,Maryland Republican Gov. Larry Hogan will sign a bill this week granting scholarships to low- and middle-income stu・ https://t.co/7Llqilnp0j
56,-0.4939,03/28/2018,0.814,0.186,0.0,@CNN,"＝ 2,140 degrees Fahrenheit

＝ 26 homes destroyed

＝ 1,700+ residents evacuated

＝ 10 fissures

＝ 1 earthquake per h・ https://t.co/i8TpH1YVxx"
57,0.0,03/28/2018,1.0,0.0,0.0,@CNN,"Melania Trump¨s favorability rating has climbed 10 points since January, according to a new CNN poll. 57% say they・ https://t.co/QUBovSxYXS"
58,0.8271,03/28/2018,0.674,0.0,0.326,@CNN,These police officers wanted to help special needs students have fun at a Florida school prom -- so they attended a・ https://t.co/GTnq11Px4w
59,0.5256,03/28/2018,0.841,0.0,0.159,@CNN,Apple's meteoric rise to the most valuable company in America can practically be traced back to one day・ https://t.co/1smEGFimp4
60,0.0,03/28/2018,1.0,0.0,0.0,@CNN,South Korea's President Moon Jae-in is building up a reputation as a masterful dealmaker. Here's why:・ https://t.co/41cSKYbtFq
61,0.0,03/28/2018,1.0,0.0,0.0,@CNN,"Global tourism accounts for 8% of total worldwide greenhouse gas emissions, four times more than previously believe・ https://t.co/DF37MeZ6DL"
62,0.0,03/28/2018,1.0,0.0,0.0,@CNN,Nestle is paying $7.2 billion to sell Starbucks coffee https://t.co/DCQ6UGmkOX https://t.co/oNFeHY00Il
63,-0.296,03/28/2018,0.672,0.189,0.139,@CNN,"He survived tours in Iraq and Qatar, only to be killed in a road-rage stabbing in Missouri https://t.co/Fxqy7tLQR9 https://t.co/rPydr0DMxL"
64,0.3612,03/28/2018,0.812,0.056,0.132,@CNN,"Melania Trump will announce her eagerly awaited formal platform today during a Rose Garden event, nearly 16 months・ https://t.co/9rtSfkYSoa"
65,0.5267,03/28/2018,0.848,0.0,0.152,@CNN,Russia's Vladimir Putin sworn in to become President for another six years after winning an election in March with・ https://t.co/1Vkx7Px9yU
66,0.0,03/28/2018,1.0,0.0,0.0,@CNN,Hundreds of people have been ordered to evacuate their homes as lava from the Kilauea volcano spews and spills into・ https://t.co/9FiXuQcNXT
67,0.0,03/28/2018,1.0,0.0,0.0,@CNN,Oil pops above $70 for first time since 2014 https://t.co/lVC5MdxecJ https://t.co/Wx6pE36p2G
68,-0.1027,03/28/2018,0.887,0.113,0.0,@CNN,"Cousin of HIV is 'off the charts' in Australia, doctor warns https://t.co/rUHtwXhIQT"
69,0.4019,03/28/2018,0.856,0.0,0.144,@CNN,"President Trump recently bragged about his support among African Americans, saying his poll numbers had ""doubled.""・ https://t.co/k7mBr7FBHC"
70,-0.34,03/28/2018,0.882,0.118,0.0,@CNN,"Former first lady Michelle Obama criticizes the role of women in electing President Donald Trump, suggesting that h・ https://t.co/gzgcjC4EzL"
71,-0.7906,03/28/2018,0.708,0.292,0.0,@CNN,A second teen girl is reported to have been raped and set on fire within days in India https://t.co/NXuhFT2xuP https://t.co/6HuiYokxqt
72,0.3818,03/28/2018,0.867,0.0,0.133,@CNN,"Trump attorney Rudy Giuliani: ""I am focused on the law more than the facts right now"" https://t.co/8Rg75Z1ZIw https://t.co/blAWCG6qgV"
73,-0.5267,03/28/2018,0.56,0.265,0.175,@CNN,"Untruths have served Trump well. It's clear that rather than harming him, the President's rejection of facts enhanc・ https://t.co/hiZ7riBXqv"
74,0.0,03/28/2018,1.0,0.0,0.0,@CNN,"From the trading floor to the corner office, @adenatfriedman joined @Nasdaq as an intern and today she's President・ https://t.co/tj8SNsgbw5"
75,-0.34,03/28/2018,0.844,0.156,0.0,@CNN,"Hawaii authorities are warning that ""this is not the time for sightseeing"" https://t.co/Z3wCgot3ws https://t.co/EPKVA844Bq"
76,-0.0258,03/28/2018,0.667,0.147,0.187,@CNN,"President Trump suggests ""angry Democrats"" on special counsel Robert Mueller's team could face legal action over al・ https://t.co/92f3bVW82I"
77,0.0,03/28/2018,1.0,0.0,0.0,@CNN,"Just days after Iowa's Republican governor signed the most restrictive abortion law in the country, Planned Parenth・ https://t.co/HNAuEa9Gai"
78,0.0,03/28/2018,1.0,0.0,0.0,@CNN,Nestle is paying $7.2 billion to sell Starbucks coffee https://t.co/jPNiLlQGTf https://t.co/6ongZ77AkR
79,0.3182,03/28/2018,0.827,0.0,0.173,@CNN,Why US companies are changing their websites to please China https://t.co/tZizTsfiLG https://t.co/mFH16gHIE9
80,0.0,03/28/2018,1.0,0.0,0.0,@CNN,Oil pops above $70 for first time since 2014 https://t.co/FU5A5yUzt9 https://t.co/DvDZlMoLLc
81,-0.1027,03/28/2018,0.887,0.113,0.0,@CNN,"Cousin of HIV is 'off the charts' in Australia, doctor warns https://t.co/akamUTg0Do"
82,0.0,03/28/2018,1.0,0.0,0.0,@CNN,Four big 2018 questions that will be answered over the next four weeks https://t.co/KRmFCs1VRV https://t.co/BU3NKfb1Ea
83,-0.7964,03/28/2018,0.693,0.307,0.0,@CNN,"Wildlife cinematographer Carlos Carvalho died after ""a fatal run in with a giraffe on set,"" his company said・ https://t.co/T5vLf1W0bq"
84,-0.296,03/28/2018,0.885,0.115,0.0,@CNN,Don Blankenship is running on Trumpism in West Virginia. The GOP is worried it will work. https://t.co/Ud1sGRDzPB https://t.co/PwtHqRYFZX
85,-0.5423,03/28/2018,0.757,0.243,0.0,@CNN,"""Remember Alabama"": President Trump urges voters in West Virginia to reject controversial Republican Senate candida・ https://t.co/uX36en9xNZ"
86,0.0,03/28/2018,1.0,0.0,0.0,@CNN,Gina Haspel offered to withdraw her nomination as President Trump's pick to head the CIA after some White House off・ https://t.co/u3cWoyHUXX
87,0.4019,03/28/2018,0.856,0.0,0.144,@CNN,"President Trump recently bragged about his support among African Americans, saying his poll numbers had ""doubled.""・ https://t.co/QjQcAG9jTS"
88,0.0772,03/28/2018,0.783,0.101,0.115,@CNN,"Jake Tapper to White House counselor Kellyanne Conway on President Trump: ""I would like him to stop lying""・ https://t.co/j7SkiEkFVK"
89,0.0,03/28/2018,1.0,0.0,0.0,@CNN,Lawmakers return to Capitol Hill today. Here are 7 things to watch: https://t.co/lQ0IV0jhNM https://t.co/hSD9JueBR8
90,0.0,03/28/2018,1.0,0.0,0.0,@CNN,"5 things for Monday:

- White House
- Hawaii
- Russia
- India
- Japan

https://t.co/DEd6RUTVpf https://t.co/ChNAX2MgWE"
91,0.5267,03/28/2018,0.848,0.0,0.152,@CNN,Russia's Vladimir Putin sworn in to become President for another six years after winning an election in March with・ https://t.co/tom9IqxIoO
92,0.3818,03/28/2018,0.867,0.0,0.133,@CNN,"Trump attorney Rudy Giuliani: ""I am focused on the law more than the facts right now"" https://t.co/KrTI7c222o https://t.co/7LKI9Dhe0X"
93,-0.5267,03/28/2018,0.56,0.265,0.175,@CNN,"Untruths have served Trump well. It's clear that rather than harming him, the President's rejection of facts enhanc・ https://t.co/PBH4NVWqU9"
94,-0.7964,03/28/2018,0.628,0.372,0.0,@CNN,"A famed wildlife filmmaker has died after ""a fatal run in with a giraffe"" https://t.co/iq0U3qlfKq https://t.co/OvZkFS6LuX"
95,0.0772,03/28/2018,0.933,0.0,0.067,@CNN,Deer in Oregon are walking around with arrows in their bodies. Police want to know who did it.・ https://t.co/6nDqOjoa5Q
96,0.7184,03/28/2018,0.682,0.0,0.318,@CNN,"The number of Afghan security personnel has dropped by 10% in a year, a strong indication that the multibillion-dol・ https://t.co/46ovKuyGhI"
97,-0.3818,03/28/2018,0.852,0.148,0.0,@CNN,"A 132-pound ovarian tumor was removed from a 38-year-old Connecticut woman this year during a five-hour surgery, ac・ https://t.co/YIuWhqOesJ"
98,-0.5719,03/28/2018,0.802,0.198,0.0,@CNN,US crude oil futures are topping $70 per barrel for the first time since 2014 https://t.co/ihnSDOQDth
99,0.1027,03/28/2018,0.769,0.106,0.125,@CNN,A Miami police officer has been relieved of duty after a video showed him kicking a suspect in the head・ https://t.co/lvBl8cnnz5
0,0.0,03/28/2018,1.0,0.0,0.0,@CBS,"RT @KevinCanWaitCBS: Season 2 of #KevinCanWait comes to a close tonight, and @KevinJames and @LeahRemini have A LOT to say about it. https:・"
1,0.5093,03/28/2018,0.87,0.0,0.13,@CBS,Spend your Friday night with this dynamic duo! Tune in to the season finale of @MacGyverCBS at 8/7c on CBS and CBS・ https://t.co/AfWUVo4GSu
2,0.6996,03/28/2018,0.775,0.0,0.225,@CBS,RT @undercover_cbs: Get ready for the series premiere of #CelebrityBoss in just seven days! How would you react if your favorite celebrity・
3,0.5562,03/28/2018,0.736,0.0,0.264,@CBS,The force is strong on the set of @bigbangtheory! #MayThe4thBeWithYou https://t.co/uYyXKtuVCM
4,0.0,03/28/2018,1.0,0.0,0.0,@CBS,RT @thegoodfight: The fight's not over yet. #TheGoodFight is renewed for Season 3. https://t.co/gUrDeA5KQP
5,0.0,03/28/2018,1.0,0.0,0.0,@CBS,RT @TKOCBS: Both @hwventure and @janemun have been named Executive Producers and showrunners of #TKO: TOTAL KNOCK OUT! Learn more about the・
6,0.0,03/28/2018,1.0,0.0,0.0,@CBS,"RT @StrangeAngel: Sex. Magick. Rocket Science. #StrangeAngel launches June 14, only on CBS All Access. https://t.co/I3sqWMASxl https://t.co・"
7,0.8268,03/28/2018,0.701,0.0,0.299,@CBS,"Broadway's Biggest Night will honor the best in theatre on Sunday, June 10! Here are the nominees for the・ https://t.co/tCiNaLGIvq"
8,0.8777,03/28/2018,0.627,0.0,0.373,@CBS,We congratulate all of our CBS #DaytimeEmmy Award winners! Check out the stars who joined @TheTalkCBS hosts to cele・ https://t.co/JfUFINmYGH
9,0.0,03/28/2018,1.0,0.0,0.0,@CBS,RT @KevinJames: Getting the band back together @AdamSandler @chrisrock @MikeDelguidice1 @KevinCanWaitCBS #KevinCanWait https://t.co/Mo5EWck・
10,0.3818,03/28/2018,0.86,0.0,0.14,@CBS,See all of the stunning fashion looks from the @CBSDaytime stars on the #DaytimeEmmys red carpet:・ https://t.co/iJN1ssGPvZ
11,0.8356,03/28/2018,0.67,0.0,0.33,@CBS,The 45th annual #DaytimeEmmys are here! Congratulations to all of the wonderful @CBSDaytime stars and shows nominat・ https://t.co/xZhDSYnxL6
12,0.0,03/28/2018,1.0,0.0,0.0,@CBS,These stars are going undercover for #CelebrityBoss! Find out more about Celebrity @undercover_cbs premiering May 1・ https://t.co/Deyn76ADT9
13,0.75,03/28/2018,0.687,0.0,0.313,@CBS,"New courage. New hope. New season. 

Season 3 of @CodeBlackCBS premieres TONIGHT at 10/9c on CBS! https://t.co/rR8xUCKlzI"
14,0.5719,03/28/2018,0.837,0.0,0.163,@CBS,Celebrate #DNADay by letting your forensic flag fly and revisit some classic episodes of @CSI_CBS on CBS All Access・ https://t.co/YCbHDK2r4b
15,0.6239,03/28/2018,0.779,0.0,0.221,@CBS,"Get ready for big reveals, dramatic conclusions, and huge guest stars! Find out more about the 2017-2018 season fin・ https://t.co/xcBChnjEvH"
16,0.6696,03/28/2018,0.756,0.0,0.244,@CBS,Who¨s ready to see these moves? ? Tune in to the @latelateshow¨s Carpool Karaoke Primetime Special TONIGHT at 10/9c! https://t.co/gjrURqXaPN
17,0.4019,03/28/2018,0.863,0.0,0.137,@CBS,"The 53rd #ACMawards turned into one big party when @KeithUrban and @juliamichaels performed their upbeat single ""Co・ https://t.co/Q3Zj3EzuNs"
18,-0.4019,03/28/2018,0.895,0.105,0.0,@CBS,A blind date was all it took. Learn more about Meghan Markle and her road to royalty from the people who know her b・ https://t.co/fEAMUblPQ4
19,0.0,03/28/2018,1.0,0.0,0.0,@CBS,RT @carrieunderwood: ICYMI! Watch Carrie¨s performance of #CryPretty from the #ACMawards below! -TeamCU https://t.co/T9I3ko2xFu
20,0.0,03/28/2018,1.0,0.0,0.0,@CBS,There's a new addition to the cast of the upcoming revival of Murphy Brown!  Learn more about Tyne Daly's character・ https://t.co/ijSXSLyDaR
21,0.4877,03/28/2018,0.826,0.0,0.174,@CBS,"Country superstar @LukeBryanOnline delivers his moving anthem ""Most People Are Good"" at the 53rd #ACMawards:・ https://t.co/GhhAsEDqmq"
22,0.4939,03/28/2018,0.868,0.0,0.132,@CBS,"Coming to CBS All Access June 14, #StrangeAngel is inspired by the real life story of Jack Parsons and explores the・ https://t.co/IsPrXRNXye"
23,0.4199,03/28/2018,0.859,0.0,0.141,@CBS,When you realize there are TWO episodes of @CrimMinds_CBS tonight! ? Who¨s ready for the double-episode season fina・ https://t.co/CWVAHHeIGr
24,0.7688,03/28/2018,0.706,0.0,0.294,@CBS,Giving you even more reasons to celebrate! ? See which CBS series are back for another year: https://t.co/O2LI0eJXTA https://t.co/H436kL1jSK
25,0.5994,03/28/2018,0.804,0.0,0.196,@CBS,"Watch country star @blakeshelton belt out his beautiful ballad ""I Lived It"" at the 53rd #AMCawards:・ https://t.co/w0WRmpQ6fk"
26,0.0903,03/28/2018,0.736,0.125,0.14,@CBS,RT @joshgroban: I AM SO HAPPY I COULD CRY BUT ITS MIDNIGHT IN JAPAN SO I WILL SLEEP BUT ????????????? #TonyAwards2018 https://t.co/NLss47K6・
27,0.0,03/28/2018,1.0,0.0,0.0,@CBS,Broadway stars @SaraBareilles and @joshgroban will host @TheTonyAwards on June 10! Hear how these multi-talented ar・ https://t.co/jy52FKd7t0
28,0.0,03/28/2018,1.0,0.0,0.0,@CBS,Can you believe it¨s been 11 years since @taylorswift13¨s first-ever performance at the #ACMawards?! Look back at t・ https://t.co/QHSPuJLLFb
29,0.0,03/28/2018,1.0,0.0,0.0,@CBS,Waiting for the @ScorpionCBS season finale to start like・ Tune in at 10/9c! https://t.co/peoDXtO707
30,0.0,03/28/2018,1.0,0.0,0.0,@CBS,Cast your vote! #ACMawards https://t.co/57ZN5gr6Y1
31,0.2714,03/28/2018,0.806,0.071,0.123,@CBS,RT @CBSTweet: #CBSRatingsNews: #ACMawards Dominate on #CBS.  Over 12 million Total Viewers.  +11% year to year increase!  Biggest audience・
32,-0.296,03/28/2018,0.833,0.167,0.0,@CBS,"In case you missed it, watch the entire #ACMawards now: https://t.co/P3pgMJE2oh https://t.co/OOG2R0Mb4J"
33,0.5719,03/28/2018,0.821,0.0,0.179,@CBS,Relive a night of all-star country music performances and epic wins at the #ACMawards. Stream the entire show:・ https://t.co/iA3SMVIhpA
34,0.765,03/28/2018,0.708,0.0,0.292,@CBS,Multiple ACM Award Winners @KeithUrban and @carrieunderwood just added one more trophy to their collection with the・ https://t.co/rMGCzOeJQK
35,0.0,03/28/2018,1.0,0.0,0.0,@CBS,That's a wrap for the 53rd #ACMawards! ? https://t.co/jM0HKud3d6
36,0.0,03/28/2018,1.0,0.0,0.0,@CBS,"To all of tonight's nominees, we tip our hats to you! ? #ACMawards https://t.co/eytEezfIgS"
37,0.636,03/28/2018,0.682,0.0,0.318,@CBS,Retweet if you think @carrieunderwood looks beautiful tonight! #ACMawards https://t.co/sqefiLBcXd
38,0.128,03/28/2018,0.776,0.1,0.123,@CBS,"In case you missed any, here's a rundown of all the performers from Country Music's Party of the Year∝:・ https://t.co/KtRKXkUpmI"
39,0.5255,03/28/2018,0.841,0.0,0.159,@CBS,The #ACMawards crowd was roaring for Vocal Event Of The Year winners @KeithUrban and @carrieunderwood! Here is the・ https://t.co/rFB5f2lVo7
40,0.8392,03/28/2018,0.437,0.123,0.44,@CBS,RT @AmberLee_RN: Anyone else crying from that @Jason_Aldean acceptance speech?! Wow! Congrats Jason! #vegasstrong #ACMawards
41,0.4389,03/28/2018,0.792,0.0,0.208,@CBS,"Put your hands up for Entertainer of the Year, @Jason_Aldean! ? #ACMawards https://t.co/QLFrrsyU8R"
42,0.8268,03/28/2018,0.648,0.0,0.352,@CBS,RT @min_d24: Love how @LukeBryanOnline was straight fan girling on @reba and @kelly_clarkson tonight on the #ACMawards! Y'all #killedit
43,0.0,03/28/2018,1.0,0.0,0.0,@CBS,"Was that ""A-sharp"" performance by @reba and @kelly_clarkson or what!? ? #ACMawards https://t.co/19pDyrELqC"
44,0.8687,03/28/2018,0.605,0.0,0.395,@CBS,The news keeps getting better and better. @ChrisStapleton deserves a standing ovation tonight! He wins again for Ma・ https://t.co/6m7nZFwPyK
45,0.7152,03/28/2018,0.626,0.0,0.374,@CBS,RT @MattBoveHS: Most People Are Good is such a powerful song #ACMawards @LukeBryanOnline
46,0.0,03/28/2018,1.0,0.0,0.0,@CBS,We have our #ACMawards Female Vocalist of the Year: @mirandalambert! ? https://t.co/Xu7WPuv1f2
47,0.5106,03/28/2018,0.798,0.0,0.202,@CBS,"Without this talented group of women, @mirandalambert @reba @MarenMorris @KelseaBallerini and @carrieunderwood, lif・ https://t.co/Zwqh2PAdM1"
48,0.8877,03/28/2018,0.512,0.0,0.488,@CBS,RT @ElizabethGilbe3: @carrieunderwood never disappoints! What an amazing voice and beautiful soul! #ACMawards #girlcrush
49,0.0,03/28/2018,1.0,0.0,0.0,@CBS,RT @SarahJPrimo: I could listen to Dan and Shay all day  #ACMawards
50,0.7027,03/28/2018,0.744,0.0,0.256,@CBS,RT @MegsMouthful: @carrieunderwood Just WOW. Can¨t wait to hear more of your new music! #ACMawards
51,0.807,03/28/2018,0.641,0.0,0.359,@CBS,Hugs for @CarrieUnderwood and @KeithUrban's big win for Vocal Event of the Year! #ACMawards https://t.co/nn2XJ6nCSi
52,0.0,03/28/2018,1.0,0.0,0.0,@CBS,Always be yourself. Unless you can be @carrieunderwood. Then be Carrie Underwood! #ACMawards #CryPretty https://t.co/32n0QJ1FLD
53,-0.5423,03/28/2018,0.811,0.189,0.0,@CBS,"RT @VeldmanKylie: Carrie Underwood gives me chills everytime she performs, she always kills it ?? #ACMawards"
54,0.0,03/28/2018,1.0,0.0,0.0,@CBS,Hands up for @littlebigtown at the #ACMawards? https://t.co/o8YFtpGLfK
55,0.7707,03/28/2018,0.677,0.0,0.323,@CBS,RT @reba: So good to see my friend Eve twice this week! @therealeve @acmawards #acmawards https://t.co/a6LxEaQt8L
56,0.5859,03/28/2018,0.759,0.0,0.241,@CBS,See all the amazing red carpet looks from the 53rd #ACMawards: https://t.co/ZeZiMXphFK https://t.co/Gi79cuuVPm
57,0.8374,03/28/2018,0.602,0.0,0.398,@CBS,RT @maddymika_: the ACM awards are the BEST night of the year ????????? #ACMAwards
58,-0.7027,03/28/2018,0.632,0.368,0.0,@CBS,? Sound the alarm because @mirandalambert is on FIRE ? at the #ACMawards! https://t.co/11vshBs4EV
59,-0.3254,03/28/2018,0.451,0.34,0.209,@CBS,RT @Skylar_Jean: @mirandalambert can do NO wrong. She is perfection. #ACMawards
60,0.4588,03/28/2018,0.769,0.0,0.231,@CBS,RT @EmilyyBruorton: @mirandalambert is my all time favorite ?#ACMAwards #keeperoftheflame #thebest
61,0.0,03/28/2018,1.0,0.0,0.0,@CBS,Hats off to @Jason_Aldean! ? #ACMawards https://t.co/1WSjnafKoX
62,0.6222,03/28/2018,0.761,0.0,0.239,@CBS,RT @alyssaa711: Country music just brings so much joy to my heart ?? #ACMawards
63,0.891,03/28/2018,0.543,0.075,0.382,@CBS,"She may hate love songs, but @KelseaBallerini knows how to write a great one. ? Give her a round of applause for th・ https://t.co/r50viWNM0Z"
64,0.8588,03/28/2018,0.596,0.0,0.404,@CBS,The feeling when you win Vocal Group of the Year at the #ACMawards ? Congratulations to @OldDominion! https://t.co/4SjYLtwLXy
65,0.0,03/28/2018,1.0,0.0,0.0,@CBS,RT @LouisianaNashie: Way to go Old Dominion #acmawards
66,0.4199,03/28/2018,0.843,0.0,0.157,@CBS,There's nothing in the world like that performance by @KeithUrban and @juliamichaels. Nicole Kidman agrees!・ https://t.co/VlwVUkNZCi
67,0.8902,03/28/2018,0.654,0.0,0.346,@CBS,RT @AbigailRamage: @reba is slaying the game! Loving her outfits and her puns. She is absolutely stunning!! My all time fave ???? #ACMAwards
68,0.5994,03/28/2018,0.766,0.0,0.234,@CBS,"First-ever #ACMAwards winner @BrettYoungMusic stuns the crowd with an incredible performance of his hit, ""In Case Y・ https://t.co/ftoksP7HrZ"
69,0.7184,03/28/2018,0.625,0.0,0.375,@CBS,RT @tiffstarr16: ACM awards are my favorite time of the year? #ACMawards
70,0.0,03/28/2018,1.0,0.0,0.0,@CBS,RT @adelleborchetta: Loooove this song!!! @kanebrown and @Lauren_Alaina #WhatIfs #ACMAwards ????
71,0.0,03/28/2018,1.0,0.0,0.0,@CBS,RT @kel_lee213: That Kane Brown performance ??? #kanebrown #whatif #ACMawards #country
72,0.6696,03/28/2018,0.837,0.0,0.163,@CBS,"What if you were made for us, and we were made for you!? ?? How much did you love @kanebrown and @Lauren_Alaina's d・ https://t.co/xiZQ5wgddc"
73,0.5255,03/28/2018,0.78,0.0,0.22,@CBS,What a performance! @gwenstefani was all smiles when @blakeshelton was on stage. #ACMawards https://t.co/yxbA1DbieE
74,0.6688,03/28/2018,0.572,0.0,0.428,@CBS,RT @wendyjo3: #ACMawards loved that @blakeshelton performance!!
75,0.0,03/28/2018,1.0,0.0,0.0,@CBS,"Making her first-ever appearance at the #ACMAwards, @BebeRexha performs her chart-topping collaboration with・ https://t.co/u1KXKrCbdD"
76,0.4199,03/28/2018,0.811,0.0,0.189,@CBS,This song by @ladyantebellum sounds like the single for the summer! ? #ACMawards https://t.co/81aj1vqFYh
77,0.5719,03/28/2018,0.619,0.0,0.381,@CBS,RT @42nagirl: Lady Antebellum is perfection. #ACMawards
78,0.8513,03/28/2018,0.611,0.0,0.389,@CBS,"Hot off the presses! Congratulations on your win and your newborn twins, @ChrisStapleton ! #ACMawards https://t.co/4e9qhxMN69"
79,0.857,03/28/2018,0.587,0.0,0.413,@CBS,RT @_miracarrara: #ACMawards I am so happy ＾Tin Man￣ won song of the year. amazing?@mirandalambert
80,0.8118,03/28/2018,0.487,0.0,0.513,@CBS,RT @TheAmelieAnna: Yaaas! @mirandalambert congrats on #Tinman winning! #ACMAwards
81,0.8398,03/28/2018,0.579,0.0,0.421,@CBS,Congratulations to @mirandalambert for her #ACMawards win for Song of the Year! https://t.co/pucK1Us49R
82,0.4199,03/28/2018,0.811,0.0,0.189,@CBS,Looks like @BebeRexha and @FLAGALine are ＾Meant To Be￣ at the #ACMawards! ? https://t.co/0RvqyJ9geh
83,0.8225,03/28/2018,0.678,0.0,0.322,@CBS,RT @AlliCat028: Loving the show so far. @ChrisYoungMusic rocked it and of course @reba is perfect. @ACMawards #ACMAwards
84,0.8271,03/28/2018,0.588,0.0,0.412,@CBS,RT if you loved that amazing performance of ＾Rich￣ by @MarenMorris ? #ACMawards https://t.co/3FeWpdOSl6
85,0.4753,03/28/2018,0.744,0.0,0.256,@CBS,"Give a round of applause for the #ACMawards host, @reba! ? https://t.co/ilIBWn6VIn"
86,0.6369,03/28/2018,0.826,0.0,0.174,@CBS,RT @JustinPlummer15: Laid up in bed with my dog watching the #ACMAwards is the best way to spend Sunday night ??
87,0.6996,03/28/2018,0.721,0.0,0.279,@CBS,Get ready to see your favorite country stars light up the night. The #ACMawards start NOW! https://t.co/SCf66kSWxT
88,0.0,03/28/2018,1.0,0.0,0.0,@CBS,Kick your boots off and stream the 53rd #ACMawards in 30 minutes on CBS All Access: https://t.co/sdTTidJYre https://t.co/pyi23nBPSH
89,0.5093,03/28/2018,0.87,0.0,0.13,@CBS,Tonight's the night! Tune in at 8/7c to see @reba and all your favorite country artists take Vegas by storm at the・ https://t.co/UlPpES5eN8
90,0.1759,03/28/2018,0.922,0.0,0.078,@CBS,The anticipation is real. Just three hours away from the 53rd #ACMawards! Tune in at 8/7c on CBS All Access:・ https://t.co/9os3PJ4pyQ
91,0.6369,03/28/2018,0.802,0.0,0.198,@CBS,"Are you ready to party with @dariusrucker in a few hours at the #ACMawards? Watch the show LIVE at 8/7c on CBS, or・ https://t.co/xAGKgZFRoD"
92,0.0,03/28/2018,1.0,0.0,0.0,@CBS,Look out for @LukeBryanOnline's performance tonight at the 53rd #ACMawards! https://t.co/dgxgsfj5Hg
93,0.34,03/28/2018,0.893,0.0,0.107,@CBS,Are you as excited for the #ACMawards as @KelseaBallerini? This Female Vocalist Of The Year nominee is taking the s・ https://t.co/JSj5jGH25H
94,0.0,03/28/2018,1.0,0.0,0.0,@CBS,Watch @Jason_Aldean and @ThomasRhett take a break from rehearsals to spend quality time with Route 91 Survivors.・ https://t.co/TiDfaYxJUm
95,0.8402,03/28/2018,0.625,0.0,0.375,@CBS,Country's brightest stars like @ThomasRhett are ready to pour their hearts out during their performances tomorrow n・ https://t.co/m3zOG8M8lw
96,0.4574,03/28/2018,0.864,0.0,0.136,@CBS,You¨re invited to Country Music's Party of the Year∝! Here's everything you need to know before watching the 53rd・ https://t.co/Xr4iamFD7t
97,0.4003,03/28/2018,0.77,0.0,0.23,@CBS,Get excited! @NCIS_CBS has been renewed for Season 16. https://t.co/JnL0D0vMsV
98,0.3612,03/28/2018,0.884,0.0,0.116,@CBS,What goes into putting on an extraordinary show like the 53rd #ACMawards? Head behind the scenes with the executive・ https://t.co/2sFRfYNAku
99,0.4939,03/28/2018,0.824,0.0,0.176,@CBS,Enjoy this #FlashbackFriday revisiting @ThomasRhett @KaceyMusgraves and more of country's biggest names for their f・ https://t.co/cnCQBnP1xI
0,-0.8316,03/28/2018,0.596,0.404,0.0,@FoxNews,BREAKING: @NYGovCuomo calls on state @AGSchneiderman to resign after bombshell accusations of violence against wome・ https://t.co/8BwdQ5czd0
1,-0.4939,03/28/2018,0.78,0.161,0.06,@FoxNews,".@MarkSteynOnline: ""The only people who are committing any crime here are the two shake-down artists, which is Stor・ https://t.co/PI7uAC2MvO"
2,-0.4023,03/28/2018,0.891,0.109,0.0,@FoxNews,"Joel Payne: ""If we can't trust our president to not perjure himself in front of Bob Mueller and his team, that's a・ https://t.co/CL0V3RdNUD"
3,-0.5859,03/28/2018,0.73,0.27,0.0,@FoxNews,".@TuckerCarlson: ""Even as ominous signs accumulated, we struggled against calling the Mueller investigation a parti・ https://t.co/pPbNVLnANi"
4,-0.743,03/28/2018,0.526,0.474,0.0,@FoxNews,NY @AGSchneiderman accused of physical violence by 4 women https://t.co/hlfAMquKGN
5,0.0,03/28/2018,1.0,0.0,0.0,@FoxNews,".@RealDrGina: ""If this were Roseanne donating to #Trump instead of Rosie donating to Democrats...she would be makin・ https://t.co/HKP1ZJ0eqa"
6,-0.2263,03/28/2018,0.881,0.119,0.0,@FoxNews,Filmmakers say they were stopped by police outside @Airbnb rental because they are black https://t.co/ppxHM46eHb
7,0.0,03/28/2018,1.0,0.0,0.0,@FoxNews,"John Moxley, brother of Martha Moxley: ""It will never be to rest."" https://t.co/ULoyys3Sbp #TheStory https://t.co/4AorFEWhaM"
8,-0.7096,03/28/2018,0.731,0.269,0.0,@FoxNews,JUST IN: New York Attorney General Eric Schneiderman responds to four women accusing him of physical abuse https://t.co/pI6ckVC1dQ
9,-0.4939,03/28/2018,0.63,0.248,0.122,@FoxNews,".@marcthiessen: ""I don't know whether what @JohnKerry did was illegal, but it is certainly outrageous, and it's cer・ https://t.co/FEUql42fN6"
10,-0.2263,03/28/2018,0.853,0.147,0.0,@FoxNews,Trump-endorsed Ohio Senate candidate responds to million-dollar lawsuit filed by opponent https://t.co/sJlNv5mEWh
11,0.25,03/28/2018,0.913,0.0,0.087,@FoxNews,".@Judgenap: ""The power to redact is a corrupt power. It shouldn't be in the hands of the people who created the doc・ https://t.co/Q06ynGS7D8"
12,0.4576,03/28/2018,0.864,0.0,0.136,@FoxNews,".@KarlRove on Ohio primary election: ""This is going to be a very interesting race to watch because the Democratic P・ https://t.co/HjNZIn69pC"
13,-0.296,03/28/2018,0.784,0.216,0.0,@FoxNews,House chaplain delivers 1st prayer since rescinding resignation https://t.co/xQF2n0bDPx
14,0.5106,03/28/2018,0.82,0.0,0.18,@FoxNews,".@TheJuanWilliams: ""[Don Blankenship] is the #Trump guy here? the populist, energized candidate, and that's what・ https://t.co/S4lhICKyyh"
15,-0.1761,03/28/2018,0.909,0.091,0.0,@FoxNews,".@MZHemingway: ""With the Mueller probe, those 48 questions coming out, they were very vague. They weren't specific.・ https://t.co/2bx0Yb71d7"
16,-0.6249,03/28/2018,0.796,0.204,0.0,@FoxNews,".@MorriseyWV: ""Nominating Don Blankenship would be an electoral disaster for West Virginia because I think he would・ https://t.co/lQDk6FB9ET"
17,0.34,03/28/2018,0.87,0.0,0.13,@FoxNews,"Attorney General Jeff Sessions announced Monday that the Department of Homeland Security will have a ""zero toleranc・ https://t.co/hQnsytCyiy"
18,-0.4019,03/28/2018,0.876,0.124,0.0,@FoxNews,".@TomBevanRCP: ""This is the problem with the Iran deal in the first place: how the Obama administration went about・ https://t.co/Lgl7vqQjGY"
19,-0.8625,03/28/2018,0.538,0.462,0.0,@FoxNews,Manhunt for killer after 'multiple' people shot dead inside Maryland home https://t.co/xVC8ichoz2
20,-0.5574,03/28/2018,0.825,0.175,0.0,@FoxNews,".@MaraLiasson on 'possibly illegal Shadow Diplomacy' on Iran deal: ""@JohnKerry was not negotiating on behalf of the・ https://t.co/jx8BSslQ4K"
21,0.5719,03/28/2018,0.778,0.0,0.222,@FoxNews,WATCH: Rep. @keithellison Celebrates 'May Day' with 'I Don't Believe in Borders' Shirt https://t.co/sBibgQjkyX
22,0.0,03/28/2018,1.0,0.0,0.0,@FoxNews,".@NASCAR owners in talks to sell series, report says https://t.co/L8FzM0qFzU"
23,-0.6705,03/28/2018,0.791,0.209,0.0,@FoxNews,"The mother of a @BelmontUniv student, who was killed in last month's shooting at a Tennessee Waffle House, received・ https://t.co/n2ic4dKJEw"
24,0.0,03/28/2018,1.0,0.0,0.0,@FoxNews,"""Saturday Night Live"" alum @JrzyJoePiscopo told @MariaBartiromo Monday that the decision to feature Stormy Daniels・ https://t.co/KFxxvjjcQr"
25,-0.34,03/28/2018,0.87,0.13,0.0,@FoxNews,'Flipping the Script': #The Five Sounds Off on IL Counties Considering 'Sanctuary' Law for Gun Owners https://t.co/HvqsJA99s3
26,0.4215,03/28/2018,0.872,0.0,0.128,@FoxNews,".@kimguilfoyle: ""We can¨t just decide to legislate based on popular emotions or sentiment at the time. That is not・ https://t.co/wd8jYBh0fZ"
27,0.0,03/28/2018,1.0,0.0,0.0,@FoxNews,Gutfeld on I-P-B: identity politics blindness https://t.co/rUbTs6YgJl
28,0.0,03/28/2018,1.0,0.0,0.0,@FoxNews,.@FLOTUS unveiled her new ＾Be Best￣ campaign at the @WhiteHouse Rose Garden Monday. The initiative will address the・ https://t.co/nPsoyKYths
29,0.2609,03/28/2018,0.854,0.0,0.146,@FoxNews,".@kilmeade: ＾President Obama left very popular, but his policies weren¨t.￣ https://t.co/pYaCmcqmHM #TheFive https://t.co/oYQ9wNXsuv"
30,-0.743,03/28/2018,0.656,0.344,0.0,@FoxNews,Florida deputy shot in head while responding to dispute involving cat has died https://t.co/6PlfMbCDzQ
31,0.0,03/28/2018,1.0,0.0,0.0,@FoxNews,.@kilmeade: ＾What Rudy Giuliani has to do is inform people about what he¨s doing.￣ https://t.co/AxwZphme9j #TheFive https://t.co/01O3Vn8j5Y
32,0.3612,03/28/2018,0.878,0.0,0.122,@FoxNews,".@TheJuanWilliams: It's not about having everybody on the inside saying we like our fellow insider, it¨s about Amer・ https://t.co/g5YtEyiTEA"
33,0.7783,03/28/2018,0.775,0.0,0.225,@FoxNews,".@kimguilfoyle on Gina Haspel: She should be chosen not because she¨s a woman, but because she is the best choice a・ https://t.co/yBzNstJtQF"
34,0.5106,03/28/2018,0.864,0.0,0.136,@FoxNews,"Fmr. Sen. Joe Lieberman: ""If @POTUS pulls out [of the Iran nuke deal] tomorrow, trust me, the Iranians are going to・ https://t.co/PcythkKgO7"
35,-0.7351,03/28/2018,0.708,0.292,0.0,@FoxNews,"AG Sessions says all illegal border crossers will be prosecuted, children may be separated from parents https://t.co/uEE3H5J2P8"
36,-0.6705,03/28/2018,0.667,0.333,0.0,@FoxNews,Officers killed in the line of duty in 2018 https://t.co/AByjAz8cOB
37,0.4019,03/28/2018,0.769,0.0,0.231,@FoxNews,.@FLOTUS unveils ｀Be Best¨ initiative to help kids https://t.co/jdCWUJxe8i https://t.co/bMlzWPGVTi
38,0.6808,03/28/2018,0.72,0.0,0.28,@FoxNews,"AG Sessions: ""[The American people] are right to want a safe, secure border and a government that knows who is here・ https://t.co/YvP69vKPHO"
39,0.3818,03/28/2018,0.841,0.0,0.159,@FoxNews,"AG Sessions: ""There will be about a 50% increase in the number of immigration judges who will be handling asylum cl・ https://t.co/dzSPkn7CJn"
40,-0.5574,03/28/2018,0.847,0.153,0.0,@FoxNews,"AG Sessions: ""I have put in place a zero-tolerance policy for illegal entry on our southwest border. If you cross t・ https://t.co/OOwfCQno0m"
41,0.0,03/28/2018,1.0,0.0,0.0,@FoxNews,"RT @FoxBusiness: Warren Buffett on @amazon: ""@JeffBezos is a business genius."" https://t.co/B0ajOB5sCQ"
42,-0.8834,03/28/2018,0.671,0.329,0.0,@FoxNews,"RT @FoxBusiness: Charlie Munger on Bitcoin: ""I think these idiot booms do harm to a country. They frequently come to bad ends and they caus・"
43,-0.6305,03/28/2018,0.718,0.215,0.066,@FoxNews,"RT @FoxBusiness: Warren Buffett on Iran nuclear deal: ""I favor continuing the deal... It's not perfect but we don't live in a perfect world・"
44,0.0,03/28/2018,1.0,0.0,0.0,@FoxNews,"AG Sessions: ""Today we're here to send a message to the world that we are not going to let the country be overwhelm・ https://t.co/UcKgeDJrFZ"
45,0.0,03/28/2018,1.0,0.0,0.0,@FoxNews,Attorney General Jeff Sessions and ICE Deputy Director Thomas Homan are in California at the U.S-Mexico border to d・ https://t.co/hvpD7OekrP
46,0.0,03/28/2018,1.0,0.0,0.0,@FoxNews,"McCain book blasts Benghazi response as bureaucratic 'a-- covering,' hits Trump - via @brookefoxnews 
https://t.co/h6einCboEx"
47,0.0,03/28/2018,1.0,0.0,0.0,@FoxNews,＾THE DAILY SPIKE￣: Check out what canine companion Spike is up to on his new blog! https://t.co/5ypAcVXCkP・ https://t.co/Q7Hwt2QQce
48,0.4019,03/28/2018,0.828,0.0,0.172,@FoxNews,.@POTUS signs ｀Be Best¨ proclamation as @FLOTUS unveils initiative to help kids https://t.co/jdCWUJxe8i https://t.co/Qxj4w63ptj
49,0.0,03/28/2018,1.0,0.0,0.0,@FoxNews,".@POTUS on @FLOTUS Melania Trump: ＾Everywhere she has gone, Americans have been touched by her sincerity, moved by・ https://t.co/5exxTOQGzV"
50,0.8831,03/28/2018,0.636,0.0,0.364,@FoxNews,".@POTUS: ""America is truly blessed to have a first lady who is so devoted to our country and to our children.￣ https://t.co/3znrXGlhzM"
51,0.8591,03/28/2018,0.655,0.0,0.345,@FoxNews,".@FLOTUS: ＾Together, let¨s encourage children to dream big, think big, and do all they can to be best in everything・ https://t.co/XSoQlh5gDy"
52,0.0,03/28/2018,1.0,0.0,0.0,@FoxNews,.@FLOTUS: How we raise and educate our children on a variety of topics will provide the blueprint for the next gene・ https://t.co/s5FpkKYjo8
53,0.0,03/28/2018,1.0,0.0,0.0,@FoxNews,.@FLOTUS: ＾I do believe that children should be both seen and heard.￣ https://t.co/dj1KKN8Vfq
54,0.0,03/28/2018,1.0,0.0,0.0,@FoxNews,.@FLOTUS: ＾Let us teach our children the difference between right and wrong.￣ https://t.co/vwS55Fvgmg
55,0.0,03/28/2018,1.0,0.0,0.0,@FoxNews,".@FLOTUS: ＾Together, I believe we should strive to provide kids with the tools they need to cultivate their social・ https://t.co/GLDX2t33CE"
56,0.7184,03/28/2018,0.6,0.0,0.4,@FoxNews,.@FLOTUS: ＾Children deserve every opportunity to enjoy their innocence.￣ https://t.co/Qi5rM6eyqi https://t.co/Td5mjIsLcQ
57,0.6808,03/28/2018,0.781,0.0,0.219,@FoxNews,".@FLOTUS: ""If we truly listen to what our kids have to say・adults can provide them the support and tools they need・ https://t.co/jdWmXulkVI"
58,0.0,03/28/2018,1.0,0.0,0.0,@FoxNews,".@FLOTUS: ＾As a mother and as first lady, it concerns me that in today¨s fast-paced and ever connected world, child・ https://t.co/BPKDz0jzSe"
59,0.4019,03/28/2018,0.769,0.0,0.231,@FoxNews,SOON: @FLOTUS unveils her plans to help kids https://t.co/Qi5rM6eyqi https://t.co/NtFmqjJJdN
60,0.0,03/28/2018,1.0,0.0,0.0,@FoxNews,".@FLOTUS rolls out her formal initiatives, focusing on the well-being of children, from the @WhiteHouse Rose Garden. https://t.co/cyhgsfI7We"
61,0.2006,03/28/2018,0.66,0.148,0.192,@FoxNews,"McCarthy: 'Very Confident' That Voters Will Reject Pelosi's Obstruction, Keep GOP in Majority https://t.co/ySCJo7wBlS"
62,0.0,03/28/2018,1.0,0.0,0.0,@FoxNews,"Moments ago, President @realDonaldTrump tweeted about his Iran deal decision announcement. https://t.co/PJBxdk2Xez"
63,0.7783,03/28/2018,0.685,0.0,0.315,@FoxNews,.@PressSec on Gina Haspel: ＾She wants to do everything she can to protect the safety and security of Americans.￣ https://t.co/mwTgZ7JAhX
64,0.0,03/28/2018,1.0,0.0,0.0,@FoxNews,.@PressSec: ＾Acting Director Haspel has an unparalleled understanding of the CIA and is the right person to lead it・ https://t.co/d9I6K7qDew
65,0.0,03/28/2018,1.0,0.0,0.0,@FoxNews,.@PressSec on Hawaii volcano: ＾The president continues to monitor the ongoing situation.￣ https://t.co/UK8dXVYjwj https://t.co/LK1sm4Suwt
66,0.0,03/28/2018,0.761,0.12,0.12,@FoxNews,".@PressSec: ＾The president¨s historic tax cuts, deregulation, and pro-growth policies are creating jobs and restori・ https://t.co/S0CuLPfdTq"
67,0.0,03/28/2018,1.0,0.0,0.0,@FoxNews,.@PressSec Sarah Sanders holds a @WhiteHouse press briefing https://t.co/rwmW08lVcf
68,-0.0772,03/28/2018,0.925,0.075,0.0,@FoxNews,'World's fastest' hybrid roller coaster in Ohio shuts down on opening day after two cars collide https://t.co/sHYmEwQkps
69,0.1027,03/28/2018,0.565,0.21,0.226,@FoxNews,"Firefighters were able to successfully revive a kitten after a fire broke out at a home in Palm Bay, Florida. https://t.co/LuEFEykH5u"
70,0.0,03/28/2018,1.0,0.0,0.0,@FoxNews,Vadimir Putin debuts Russia's new presidential limousine https://t.co/XMzxVSkEIh
71,0.6369,03/28/2018,0.729,0.0,0.271,@FoxNews,Cpl. Patrick Canterbury plays rock-paper-scissors during the Fuji Flightline Festival May 4 on Combined Arms Traini・ https://t.co/Q5XIuMGp63
72,0.0,03/28/2018,1.0,0.0,0.0,@FoxNews,.@VP Mike Pence addresses a Protocolary Session of the Organization of American States (OAS) https://t.co/rYgK9jecLq
73,0.0,03/28/2018,1.0,0.0,0.0,@FoxNews,Awaiting: @WhiteHouse briefing https://t.co/ps35I5pdMX
74,0.0,03/28/2018,1.0,0.0,0.0,@FoxNews,"JUST IN: Lt. Col. Oliver North to become @NRA president, organization says https://t.co/jwuyWB6DbE https://t.co/s485GIg5rp"
75,0.4215,03/28/2018,0.859,0.0,0.141,@FoxNews,Woman on American Airlines flight saved by doctor from same hospital she was heading to get treatment https://t.co/G28mCJwZTC
76,0.0,03/28/2018,1.0,0.0,0.0,@FoxNews,Dramatic video shows lava from Hawaii's Kilauea volcano moving down the street in the Leilani Estates subdivision.・ https://t.co/av8arD09dn
77,-0.296,03/28/2018,0.845,0.155,0.0,@FoxNews,West Virginia primary: Blankenship has Republicans scrambling to avoid Roy Moore repeat https://t.co/IBk0NwRS8U
78,0.5574,03/28/2018,0.841,0.0,0.159,@FoxNews,.@RepDeSantis: ＾Rudy is the man for the job and I think he¨s going to probably engineer a positive outcome in this・ https://t.co/1NmoxtbnEk
79,-0.4588,03/28/2018,0.85,0.15,0.0,@FoxNews,"Johnny Depp attacked location manager on new movie, offered worker money to punch him back, report says https://t.co/cEaoIjB0lJ"
80,-0.7096,03/28/2018,0.629,0.371,0.0,@FoxNews,Father of fallen Marine says thief stole his son¨s American flag https://t.co/jokO2ppHBP
81,-0.4215,03/28/2018,0.833,0.167,0.0,@FoxNews,".@DineshDSouza: Rosie Broke Law 5 Times With Donations to Dems, Tried to 'Cover Her Tracks' https://t.co/mMS5Acckus"
82,0.0,03/28/2018,1.0,0.0,0.0,@FoxNews,Dog strolls through live weather forecast in New Hampshire https://t.co/fRnRtxtOrH
83,-0.6249,03/28/2018,0.702,0.298,0.0,@FoxNews,"Students mourn loss of Taco Bell on Georgia Tech campus, organize military-style send-off https://t.co/aVCTdNxURf"
84,0.6908,03/28/2018,0.659,0.0,0.341,@FoxNews,.@CharlesHurt: ＾From the beginning I don¨t think that this was a good faith investigation.￣ https://t.co/0zd6MAuhEw
85,0.4019,03/28/2018,0.838,0.0,0.162,@FoxNews,"Guy who ate 30,000 Big Macs also eats another McDonald¨s treat every single day https://t.co/fESyqZfOGZ"
86,0.4019,03/28/2018,0.803,0.0,0.197,@FoxNews,Florida police officers take special needs students to 'turnt up' prom https://t.co/CWwrgvG1iQ
87,-0.3818,03/28/2018,0.729,0.271,0.0,@FoxNews,Hawaii volcano may threaten geothermal power plant https://t.co/GZGogTMcWV
88,0.0,03/28/2018,1.0,0.0,0.0,@FoxNews,.@HillaryClinton goes after 'reality TV' #Trump in New Zealand speech https://t.co/7fXfy3jXTE
89,-0.2732,03/28/2018,0.877,0.123,0.0,@FoxNews,"Cracks in Mueller probe: Questions over Manafort charges, Flynn plea embolden Trump allies - via @JuddBerger 
https://t.co/cgOq4nelGD"
90,-0.0516,03/28/2018,0.699,0.136,0.165,@FoxNews,.@CBedfordDC: ＾The criminals typically get their hand on guns if they want to get their hands on guns and they¨re g・ https://t.co/FGC4HHBcfe
91,-0.5574,03/28/2018,0.783,0.217,0.0,@FoxNews,"Trump rips Kerry for 'possibly illegal Shadow Diplomacy' on Iran deal - via @brookefoxnews 
https://t.co/Uq0E91OiOx"
92,-0.1027,03/28/2018,0.903,0.097,0.0,@FoxNews,Ex-Trump Campaign Adviser Questioned by Mueller Team: 'They Don't Have Anything' on Collusion https://t.co/5GpWyjpYrf
93,0.3182,03/28/2018,0.892,0.0,0.108,@FoxNews,.@JessicaTarlov: ＾I think there is a much more productive way that we can work together to make sure that Americans・ https://t.co/M66mCCVJHq
94,-0.0258,03/28/2018,0.719,0.144,0.137,@FoxNews,"King Tut mystery solved: No 'hidden chamber' in famous tomb, experts say https://t.co/kqhxOmv4CH"
95,-0.1531,03/28/2018,0.6,0.22,0.18,@FoxNews,U2 angers pro-life fans after tweeting support for legalizing abortion https://t.co/FhqDnr7dTJ
96,-0.4588,03/28/2018,0.85,0.15,0.0,@FoxNews,John Sununu: ＾The Obama administration¨s neglect of America¨s leadership role in foreign policy is what caused Pres・ https://t.co/rO7hZnOqyF
97,-0.4588,03/28/2018,0.733,0.267,0.0,@FoxNews,"WWI-era plane makes emergency landing on beach in front of stunned onlookers
https://t.co/Lemviul8gU"
98,0.0,03/28/2018,1.0,0.0,0.0,@FoxNews,".@SenatorTimScott: ＾Let us not listen to the words of the regime, let us watch the actions.￣ https://t.co/jvEtvbLLYT"
99,0.3182,03/28/2018,0.892,0.0,0.108,@FoxNews,NEW RADIO SHOW: Guy Benson and Marie Harf give a fresh take on all the day's issues. @BensonAndHarf premieres TONIG・ https://t.co/6Qp0DigifN
0,0.8481,03/28/2018,0.695,0.0,0.305,@nytimes,"＾I love it, I feel like I¨ve done this theme before,￣ Nicki Minaj said. It took her 5 hours to get ready for this y・ https://t.co/2Sxw40f3IA"
1,0.3612,03/28/2018,0.889,0.0,0.111,@nytimes,Bitcoin set out to replace Wall Street. Now big Wall Street firms are getting ready to start trading contracts for・ https://t.co/z0q9aTO1lb
2,0.0,03/28/2018,1.0,0.0,0.0,@nytimes,Sarah Jessica Parker and Andy Cohen are on theme at the Met Gala https://t.co/uhxp3mFfdx https://t.co/WN5MbgwzCa
3,-0.7506,03/28/2018,0.652,0.348,0.0,@nytimes,RT @jessemckinley: NEW/EXCLUSIVE: @NYGovCuomo will call for @AGSchneiderman resignation after reports of abuse. https://t.co/2GQCkTTswC
4,0.4019,03/28/2018,0.876,0.0,0.124,@nytimes,Here's how the Metropolitan Museum convinced the Vatican to be part of the biggest fashion exhibit of the year https://t.co/qiNjvBAI5E
5,-0.1531,03/28/2018,0.918,0.082,0.0,@nytimes,"A new cache of more than 10,000 internal emails offer a detailed look inside the EPA's aggressive efforts to concea・ https://t.co/yQLbXYznEc"
6,0.0,03/28/2018,1.0,0.0,0.0,@nytimes,Jaden Smith is already there. He brought his gold record. https://t.co/D2eWDC8bIk
7,0.0,03/28/2018,1.0,0.0,0.0,@nytimes,Kim Kardashian West is en route to the Met Gala. https://t.co/FjjYCZoCYl
8,-0.0258,03/28/2018,0.798,0.103,0.099,@nytimes,Some celebrities flirt with the Met Gala themes. But no one takes them on as fearlessly as Rihanna. https://t.co/yCTx8MZz52
9,-0.7506,03/28/2018,0.67,0.33,0.0,@nytimes,"RT @jessemckinley: NEW: @AGSchneiderman accused of array of abusive acts against 4 women. @dannyhakim/@vwang3
here: https://t.co/2GQCkTTswC"
10,0.0,03/28/2018,1.0,0.0,0.0,@nytimes,"Katy Perry: ＾I feel very angelic. Celestial. Ethereal.￣ 

Photos: https://t.co/uhxp3mFfdx https://t.co/6BjadMfaLy"
11,-0.7184,03/28/2018,0.739,0.261,0.0,@nytimes,"Breaking News: 4 women are said to have accused New York¨s attorney general, Eric Schneiderman, of assault. He had・ https://t.co/W8lhNQoent"
12,0.0,03/28/2018,1.0,0.0,0.0,@nytimes,"RT @NYTFashion: It's fashion's biggest night! But mostly, it's Anna's biggest night. #MetGala https://t.co/O88tz1rYxS https://t.co/yet0jFtW・"
13,0.0,03/28/2018,1.0,0.0,0.0,@nytimes,We have a Met Gala trend: Headpieces https://t.co/sQQNWjr5Bb https://t.co/b0eCaI8Hew
14,0.0,03/28/2018,1.0,0.0,0.0,@nytimes,"Rihanna, one of the night's hosts, has arrived at the Met Gala https://t.co/VFdE8YiJYv https://t.co/AvPUM5ms6X"
15,0.0,03/28/2018,1.0,0.0,0.0,@nytimes,Evening Briefing: Here's what you need to know at the end of the day https://t.co/G6i6IYgqpz
16,0.0,03/28/2018,1.0,0.0,0.0,@nytimes,The theme for tonight's Met Gala is ＾Heavenly Bodies: Fashion and the Catholic Imagination.￣ Here's how guests inte・ https://t.co/hTB7Nalpr6
17,0.0,03/28/2018,1.0,0.0,0.0,@nytimes,"Olivia Munn began her red carpet prep at 10:30 this morning. 

＾They had to sew me in on the way here,￣ she said.・ https://t.co/39Fu7EwrU8"
18,0.0,03/28/2018,1.0,0.0,0.0,@nytimes,Rita Ora on the Met Gala red carpet: ＾I forgot my ticket do you think they¨ll let me in?￣ https://t.co/zHcDBpIOKv
19,0.0,03/28/2018,1.0,0.0,0.0,@nytimes,NYT photographers are catching some guests before they arrive on the Met Gala red carpet. Here's Amanda Seyfried en・ https://t.co/wdWo8LutDx
20,0.5106,03/28/2018,0.864,0.0,0.136,@nytimes,"Live from New York, it¨s the Met Gala. Here are some of the first photos of the glamorous red carpet arrivals.・ https://t.co/LiKVRq6kl2"
21,-0.3384,03/28/2018,0.902,0.098,0.0,@nytimes,"RT @anahadoconnor: My latest: Very low carb, high protein diets led to ""exceptional"" blood sugar control in children and adults with Type 1・"
22,0.0,03/28/2018,1.0,0.0,0.0,@nytimes,"Expected Met Gala guests include Cardi B, Greta Gerwig, Kim Kardashian West and Mitt and Ann Romney. President Trum・ https://t.co/d0KeHluVOz"
23,0.5574,03/28/2018,0.796,0.0,0.204,@nytimes,"＾I couldn¨t go up my road. It had huge, huge coverage of lava probably close to 10 feet tall.￣ https://t.co/HkrHYEg0D2"
24,-0.0516,03/28/2018,0.934,0.066,0.0,@nytimes,"RT @HannaIngber: Questions on how @nytimes collected and published ISIS' internal documents? Leave them here and @rcallimachi, @meslackman・"
25,0.0,03/28/2018,1.0,0.0,0.0,@nytimes,"A ticket to the Met Gala would cost you $30,000. But the event is invitation only, and Anna Wintour has final say o・ https://t.co/RA2M7yyzyR"
26,-0.3612,03/28/2018,0.884,0.116,0.0,@nytimes,Breaking News: President Trump will announce his decision on the Iran nuclear deal tomorrow. He has criticized it r・ https://t.co/vgmUb4Nyup
27,0.2732,03/28/2018,0.909,0.0,0.091,@nytimes,"＾All we know is that the cash was delivered to certain gamblers at the casinos, and then, after that, the gamblers・ https://t.co/ydHUJkrb4x"
28,-0.8126,03/28/2018,0.67,0.33,0.0,@nytimes,Ohio State is investigating allegations of sexual assault made against a sports doctor who died in 2005 https://t.co/nvcM10Ud5y
29,0.4939,03/28/2018,0.704,0.0,0.296,@nytimes,Feeling a little burned out lately? Here are 3 things that can help. https://t.co/FwIB4EVPdb
30,-0.296,03/28/2018,0.82,0.18,0.0,@nytimes,"A veritable no man¨s land, off the coast of Scotland https://t.co/Fo3mcOrMcg https://t.co/GjZjloK5Je"
31,0.7125,03/28/2018,0.81,0.0,0.19,@nytimes,"RT @juliehdavis: In the Rose Garden, Melania Trump launches her BE BEST initiative on child well-being, saying that ＾too often,￣ social med・"
32,0.3818,03/28/2018,0.729,0.0,0.271,@nytimes,RT @nytimesbooks: The nine stages of creativity https://t.co/mSTr6U3SMx
33,0.4404,03/28/2018,0.868,0.0,0.132,@nytimes,Melania Trump decided to focus her platform on good social media behavior. President Trump suggested she take an ea・ https://t.co/5Ay0pIxh8H
34,-0.4404,03/28/2018,0.861,0.139,0.0,@nytimes,"The NRA¨s next president is Oliver North, a central figure in the Iran-contra scandal who became a Fox News comment・ https://t.co/v6FWH7PwfM"
35,-0.4391,03/28/2018,0.838,0.162,0.0,@nytimes,"""The most uncomfortable thing about being naked in a museum, it turns out, is the temperature"" https://t.co/RvG5jUYnSl"
36,-0.4767,03/28/2018,0.819,0.181,0.0,@nytimes,The NFL Players Association filed a grievance against the league on behalf of Eric Reid https://t.co/veCXJtQ4aC
37,0.4939,03/28/2018,0.819,0.0,0.181,@nytimes,"RT @nytopinion: Until we have a federal government willing to take on monopolies by corporate behemoths like Amazon, I¨m rooting for Barnes・"
38,-0.7552,03/28/2018,0.746,0.254,0.0,@nytimes,Massachusetts¨s highest court ruled that MIT could not be held responsible for the 2009 suicide of one of its stude・ https://t.co/mfpJtCKxbj
39,0.34,03/28/2018,0.888,0.0,0.112,@nytimes,Scott Pruitt has defended the secrecy of his schedule as a security precaution. But emails show it is aimed mostly・ https://t.co/zxiMDJs3u9
40,0.0,03/28/2018,1.0,0.0,0.0,@nytimes,The Trump administration is doubling down on a new zero-tolerance policy against undocumented immigrants and unauth・ https://t.co/72jtr8AeYz
41,-0.3182,03/28/2018,0.905,0.095,0.0,@nytimes,"RT @alanblinder: James Shaw Jr., who disarmed the Waffle House gunman in Tennessee, has now raised $227,000 for the victims of last month's・"
42,0.0,03/28/2018,1.0,0.0,0.0,@nytimes,300 new subway cars should have arrived in New York City by January 2017. Only 32 of those cars are now on the trac・ https://t.co/yyiTiuVg4x
43,0.0,03/28/2018,1.0,0.0,0.0,@nytimes,"U.S. oil prices cracked $70 a barrel on Monday, the first time it has climbed that high since 2014 https://t.co/tLEcEEJsbH"
44,0.4588,03/28/2018,0.85,0.0,0.15,@nytimes,"Officially, it¨s the Metropolitan Museum of Art Costume Institute benefit. 
Unofficially, it's ＾the Oscars of the E・ https://t.co/y4e3QxalUZ"
45,0.0,03/28/2018,1.0,0.0,0.0,@nytimes,"RT @TheSteinLine: Steve Kerr says he can¨t bring himself to call them the Hamptons Five, but Draymond Green is all in. @NYTSports column on・"
46,-0.8625,03/28/2018,0.652,0.348,0.0,@nytimes,States that are having trouble with lethal injection are looking for other ways to carry out the death penalty. Hig・ https://t.co/COURDK9WbO
47,0.25,03/28/2018,0.9,0.0,0.1,@nytimes,"Kellyanne Conway plays a central White House role. But her husband, George T. Conway III, is seemingly using Twitte・ https://t.co/qosIrdWfSS"
48,-0.296,03/28/2018,0.645,0.355,0.0,@nytimes,No more basic broccoli https://t.co/kUcTh1s39F
49,0.0516,03/28/2018,0.773,0.108,0.119,@nytimes,Patagonia has supported grass-roots environmental activists for decades. Now it's suing President Trump in a bid to・ https://t.co/3vfAeemS8V
50,0.0,03/28/2018,1.0,0.0,0.0,@nytimes,"RT @VVFriedman: It's MetGala Monday! Ahead of tonight's red carpet extravaganza, a crib sheet on everything you need to know, including who・"
51,-0.296,03/28/2018,0.885,0.115,0.0,@nytimes,"""I called my wife and said there¨s no reason for you to come, there¨s nothing to get"" https://t.co/5C0XgbdfmF"
52,0.0,03/28/2018,1.0,0.0,0.0,@nytimes,"In a phone call, Mitch McConnell urged President Trump to weigh in against Don Blankenship's Senate candidacy, an o・ https://t.co/cOwShmtSgu"
53,-0.7096,03/28/2018,0.722,0.232,0.046,@nytimes,"A star baseball player admitted to molesting a girl when he was 15, but denies it now. Should his college let him p・ https://t.co/b846KbMdxw"
54,-0.2023,03/28/2018,0.775,0.127,0.099,@nytimes,"RT @nytopinion: On May 9, 2017, the president of the United States fired the man leading an investigation into his campaign's ties to Russi・"
55,-0.6124,03/28/2018,0.792,0.208,0.0,@nytimes,Skeletal remains. Bomb remnants. An empty vault that used to hold money. Nearly a year after Marawi was seized by p・ https://t.co/y7qtPbeKTd
56,0.7845,03/28/2018,0.706,0.0,0.294,@nytimes,The Mountain is the strongest man on ＾Game of Thrones.￣ Now he¨s the strongest man in the real world as well. https://t.co/O4wy1Vz9YX
57,-0.9035,03/28/2018,0.515,0.485,0.0,@nytimes,"A Danish inventor will not challenge the verdict ? that he was guilty of sexually assaulting and killing Kim Wall,・ https://t.co/SCPAyzRTxO"
58,0.2225,03/28/2018,0.87,0.047,0.082,@nytimes,RT @TimHerrera: Feeling burned out is real (and normal!) and takes a toll on every part of your life. Take a two-hour lunch today! Leave wo・
59,-0.25,03/28/2018,0.889,0.111,0.0,@nytimes,"Dikembe Mutombo wagged his finger. 
Michael Jordan stuck his tongue out. 
Brad Marchand ... licked opponents? https://t.co/p8RpKvdIh5"
60,0.5504,03/28/2018,0.785,0.0,0.215,@nytimes,"California¨s economy has soared into the stratosphere, but not without inflicting some pain https://t.co/0l4T2tkX6N"
61,0.4404,03/28/2018,0.828,0.0,0.172,@nytimes,The tweet was a political gift to Don Blankenship¨s 2 main rivals in the Republican primary https://t.co/M9zdB0zMfH
62,-0.6597,03/28/2018,0.812,0.188,0.0,@nytimes,"RT @nytimesworld: India is grappling with a string of horrific crimes against women. Earlier this week, a 16-year-old girl was gang raped.・"
63,-0.296,03/28/2018,0.901,0.099,0.0,@nytimes,"＾If there¨s no intervention, it¨s going to affect the existence of the Warao. A part of the population is going to・ https://t.co/mcLf2FtHiZ"
64,0.0,03/28/2018,1.0,0.0,0.0,@nytimes,"There¨s a hockey team in the Czech Republic that performs a yearly sage-burning ritual on the ice, a rugby team in・ https://t.co/OscInl72Ss"
65,0.0,03/28/2018,1.0,0.0,0.0,@nytimes,"The Met Gala is ""reality TV at its most glamorous,"" @VVfriedman writes. Here's who gets to go. https://t.co/L6hWxS7F1O"
66,-0.3612,03/28/2018,0.865,0.135,0.0,@nytimes,"President Trump criticized the prosecutors leading the Russia investigation, tweeting ＾just wait ¨till the Courts g・ https://t.co/KZa2t1GjBt"
67,-0.34,03/28/2018,0.862,0.138,0.0,@nytimes,Federal prosecutors are increasingly pursuing low-level gun possession cases at the urging of Jeff Sessions https://t.co/LPwU13zX2s
68,0.0,03/28/2018,1.0,0.0,0.0,@nytimes,"RT @AllMattNYT: When it came to harvesting data, Cambridge Analytica was an amateur operation compared to what academics have been up to fo・"
69,0.0,03/28/2018,1.0,0.0,0.0,@nytimes,Why the E. coli outbreak is eluding food investigators https://t.co/GIqaFD21IV https://t.co/DaXw4GrmOu
70,0.0,03/28/2018,1.0,0.0,0.0,@nytimes,"As President Trump¨s lawyer, Rudy Giuliani may be drawing from the playbook he used 30 years ago as a New York City・ https://t.co/zEBkfAsQhw"
71,0.0,03/28/2018,1.0,0.0,0.0,@nytimes,Morning Briefing: Here's what you need to know to start your day https://t.co/JnV4IkFLoq
72,-0.296,03/28/2018,0.916,0.084,0.0,@nytimes,"RT @FrancesRobles: La mujer a la que entrevist? en febrero para este informe a?n no tiene luz, ocho meses despu?s de que la perdi? en hurac・"
73,0.0,03/28/2018,1.0,0.0,0.0,@nytimes,"RT @FrancesRobles: The woman I interviewed in February for this story texted me this morning -- she STILL does not have power, 8 months aft・"
74,0.0,03/28/2018,1.0,0.0,0.0,@nytimes,Berkshire Hathaway is (slightly) less about Warren Buffett https://t.co/EQgTvLXzKs
75,-0.2263,03/28/2018,0.757,0.12,0.124,@nytimes,RT @nytimesworld: A naked man was caught on multiple cameras attacking his girlfriend in the lobby of a Peru hotel. He was acquitted. Twice・
76,0.0,03/28/2018,1.0,0.0,0.0,@nytimes,Children¨s Books: Turning Myths and Fairy Tales on Their Heads https://t.co/s9v63rnAlb
77,0.0,03/28/2018,1.0,0.0,0.0,@nytimes,"After Hurricanes Maria and Irma, Puerto Rico all but slipped from the modern era https://t.co/ld8lKNUPGT"
78,0.4019,03/28/2018,0.876,0.0,0.124,@nytimes,Here's how the Metropolitan Museum convinced the Vatican to be part of the biggest fashion exhibit of the year https://t.co/HYUJqjLumh
79,0.0,03/28/2018,1.0,0.0,0.0,@nytimes,Vladimir Putin Is Sworn In as Russia¨s President https://t.co/UJQiLIpDfl
80,0.0,03/28/2018,1.0,0.0,0.0,@nytimes,Treating Workers Fairly at Rent the Runway https://t.co/O8ZqCICI20
81,0.5859,03/28/2018,0.703,0.0,0.297,@nytimes,Can a ｀Policy Nerd¨ Economist Win Over Republicans in Ohio? https://t.co/McXKbyQORk
82,-0.8885,03/28/2018,0.247,0.613,0.14,@nytimes,"In Fight Against Violent Crime, Justice Dept. Targets Low-Level Gun Offenders https://t.co/vSTkDsR4dG"
83,-0.2732,03/28/2018,0.84,0.16,0.0,@nytimes,"AIDS Runs Rampant in Venezuela, Putting an Ancient Culture at Risk https://t.co/TkNiU9uepq"
84,0.0,03/28/2018,1.0,0.0,0.0,@nytimes,"Pursuits: On the Rug Route in Romania, Kilims and an Enduring Culture https://t.co/XZYDZveiZc"
85,0.8885,03/28/2018,0.604,0.0,0.396,@nytimes,"＾People go on a cruise to see beautiful islands, clear waters and gorgeous beaches. These companies have a direct s・ https://t.co/EyUrtxEotV"
86,0.4005,03/28/2018,0.881,0.0,0.119,@nytimes,"New research suggests that extinction is more easily set in motion than previously thought, and that once it gets s・ https://t.co/kKN5ZapGcS"
87,0.0,03/28/2018,1.0,0.0,0.0,@nytimes,Chimpanzees that endure the blazing heat of African savannas may offer us hints about how our own ancestors left th・ https://t.co/QS8UdkJTb6
88,0.3612,03/28/2018,0.878,0.0,0.122,@nytimes,"How did Beyonc? put her Coachella show together? JaQuel Knight and Chris Grant, her 2 main choreographers, talk us・ https://t.co/S8JNy1HqBo"
89,0.0,03/28/2018,1.0,0.0,0.0,@nytimes,Tech Tip: Overcome With Emoji https://t.co/JbvKEXBhRM
90,0.3182,03/28/2018,0.881,0.0,0.119,@nytimes,"""If there¨s a universal truth to be drawn from the current makeup landscape, it¨s that more is more"" https://t.co/gvQ8HBe9m9"
91,0.4767,03/28/2018,0.661,0.101,0.238,@nytimes,He arrived at the Supreme Court last year with a reputation as a fine writer. He promptly lost it. https://t.co/vl5H3XTGk6
92,-0.2263,03/28/2018,0.872,0.128,0.0,@nytimes,"When New Zealand disappeared from world maps, its prime minister found a tourism campaign https://t.co/erKknuIdBi"
93,0.5267,03/28/2018,0.848,0.0,0.152,@nytimes,"Europeans are about to gain new rights over companies that hold their data. Here's what will, and won't, change. https://t.co/JxDR2MecOF"
94,0.0,03/28/2018,1.0,0.0,0.0,@nytimes,"In the student uprisings of Paris 1968, printed posters were used in a fashion similar to social media today https://t.co/mEfXWdfdHd"
95,0.2732,03/28/2018,0.9,0.0,0.1,@nytimes,"If you only use a few emoji characters, you can create text shortcuts for them and disable the emoji keyboard https://t.co/v1S7TlUbEG"
96,0.1779,03/28/2018,0.925,0.0,0.075,@nytimes,Something to think about next time you see mold growing on strawberries that you left in your fridge for too long https://t.co/gO2boowlDA
97,0.4215,03/28/2018,0.882,0.0,0.118,@nytimes,＾We still don¨t tell accurate history of our country and we still don¨t frame that the United States is a country b・ https://t.co/z6VwA48uct
98,0.0,03/28/2018,1.0,0.0,0.0,@nytimes,This isn't creepy at all... https://t.co/m0YYt0vEG0
99,-0.128,03/28/2018,0.919,0.081,0.0,@nytimes,"Some of the most intriguing relics of Sofia, Bulgaria's tangled past are lurking just below the sidewalk https://t.co/M7DqCPEAC9"
